Age,Sex,Job,Credit amount,Duration,Housing_own,Housing_free,Housing_rent,Purpose_radio/TV,Purpose_education,Purpose_furniture/equipment,Purpose_car,Purpose_business,Purpose_domestic appliances,Purpose_repairs,Purpose_vacation/others,Saving accounts_little,Saving accounts_quite rich,Saving accounts_rich,Saving accounts_moderate,Checking account_little,Checking account_moderate,Checking account_rich,Risk
2.7913465652441456,0,2,-0.7987374961998183,-1.2903232626263657,1,0,0,1,0,0,0,0,0,0,0,1,0,0,0,1,0,0,0
-1.192032488180995,1,2,1.3419969359690436,2.576925264641741,1,0,0,1,0,0,0,0,0,0,0,1,0,0,0,0,1,0,1
1.1979949438740893,0,1,-0.3837519632386023,-0.7378591873023504,1,0,0,0,1,0,0,0,0,0,0,1,0,0,0,1,0,0,0
0.8439168057918546,0,2,2.2064382133672185,2.024461189317726,0,1,0,0,0,1,0,0,0,0,0,1,0,0,0,1,0,0,0
1.552073081956324,0,2,0.8580709800563417,0.36706896334568007,0,1,0,0,0,0,1,0,0,0,0,1,0,0,0,1,0,0,1
-0.04127853941373217,0,1,2.731549357017171,1.4719971139937107,0,1,0,0,1,0,0,0,0,0,0,1,0,0,0,1,0,0,0
1.552073081956324,0,2,-0.052927466088290936,0.36706896334568007,1,0,0,0,0,1,0,0,0,0,0,0,1,0,0,1,0,0,0
-0.04127853941373217,0,3,1.7883190248172984,1.4719971139937107,0,0,1,0,0,0,1,0,0,0,0,1,0,0,0,0,1,0,0
2.2602293581207933,0,1,0.047349512750233747,-0.7378591873023504,1,0,0,1,0,0,0,0,0,0,0,0,0,1,0,1,0,0,0
-0.6609152810576429,0,3,1.0210210706689444,0.9195330386696953,1,0,0,0,0,0,1,0,0,0,0,1,0,0,0,0,1,0,1
-0.9264738846193189,1,2,-0.7423316956031482,-0.7378591873023504,0,0,1,0,0,0,1,0,0,0,0,1,0,0,0,0,1,0,1
-1.0149934191398775,1,2,0.606483202791829,2.576925264641741,0,0,1,0,0,0,0,1,0,0,0,1,0,0,0,1,0,0,1
-1.192032488180995,1,2,-0.6205667927277967,-0.7378591873023504,1,0,0,1,0,0,0,0,0,0,0,1,0,0,0,0,1,0,0
2.1717098236002346,0,1,-0.7853075436768016,0.36706896334568007,1,0,0,0,0,0,1,0,0,0,0,1,0,0,0,1,0,0,1
-0.6609152810576429,1,2,-0.693983866520288,-0.46162714964034285,0,0,1,0,0,0,1,0,0,0,0,1,0,0,0,1,0,0,0
-0.3068371429754082,1,1,-0.7481513416964554,0.36706896334568007,1,0,0,1,0,0,0,0,0,0,0,0,0,0,1,1,0,0,1
1.552073081956324,0,2,-0.23691781565361972,0.36706896334568007,1,0,0,1,0,0,0,0,0,0,0,1,0,0,0,1,0,0,0
-0.9264738846193189,0,2,2.291494579346324,0.9195330386696953,1,0,0,0,0,0,0,1,0,0,0,1,0,0,0,1,0,0,0
-0.39535667749596687,0,2,0.21343325895154025,0.36706896334568007,1,0,0,1,0,0,0,0,0,0,0,0,1,0,0,1,0,0,0
1.1094754093535306,0,2,-0.36674069004278115,-1.014091224964358,1,0,0,0,0,0,1,0,0,0,0,1,0,0,0,1,0,0,0
0.7553972712712959,0,2,-0.13708850189919558,-1.2903232626263657,0,0,1,1,0,0,0,0,0,0,0,0,1,0,0,1,0,0,0
1.1094754093535306,0,1,-0.3188405260440216,-0.9220138790770223,0,0,1,0,0,0,1,0,0,0,0,1,0,0,0,1,0,0,0
0.7553972712712959,0,2,-0.5144701677959648,-0.7378591873023504,1,0,0,0,0,0,1,0,0,0,0,0,0,0,1,0,1,0,0
-0.8379543500987603,0,2,-0.3958389205093173,-0.9220138790770223,1,0,0,0,0,1,0,0,0,0,0,1,0,0,0,1,0,0,0
0.0472409951068265,0,1,-0.7069661539592041,-1.2903232626263657,1,0,0,0,0,1,0,0,0,0,0,1,0,0,0,1,0,0,0
0.31279959866850254,0,1,-1.1313526536865317,-1.2903232626263657,1,0,0,1,0,0,0,0,0,0,0,1,0,0,0,1,0,0,0
0.5783582022301785,1,2,-1.1389629601162412,-0.7378591873023504,0,0,1,1,0,0,0,0,0,0,0,0,0,1,0,0,0,1,0
-0.12979807393429085,0,2,-0.2409468014105247,-1.1982459167390298,1,0,0,1,0,0,0,0,0,0,0,1,0,0,0,0,1,0,0
0.0472409951068265,0,2,-0.4656746736290041,-0.18539511197833522,1,0,0,0,0,0,0,1,0,0,0,0,0,1,0,0,1,0,0
-0.7494348155782016,0,2,0.4775556585708686,0.36706896334568007,1,0,0,0,0,1,0,0,0,0,0,1,0,0,0,1,0,0,0
-0.48387621201652553,0,2,1.303945403820496,-0.18539511197833522,1,0,0,0,0,0,1,0,0,0,0,0,0,0,1,0,1,0,0
1.9061512200385586,0,1,-0.7562093132102654,-0.7378591873023504,0,0,1,0,0,0,0,1,0,0,0,1,0,0,0,1,0,0,0
-0.21831760845484952,1,3,-0.6621996455491485,-0.7378591873023504,1,0,0,0,0,1,0,0,0,0,0,1,0,0,0,0,0,1,0
-0.9264738846193189,0,1,0.8025605096278727,2.3006932269797336,1,0,0,1,0,0,0,0,0,0,0,1,0,0,0,0,1,0,1
-0.39535667749596687,0,2,1.413175684341032,2.576925264641741,0,1,0,0,1,0,0,0,0,0,0,1,0,0,0,1,0,0,0
0.1357605296273852,0,2,-0.38196130290220004,-0.18539511197833522,1,0,0,1,0,0,0,0,0,0,0,1,0,0,0,0,0,1,1
0.1357605296273852,0,2,-0.773668251490187,-0.9220138790770223,1,0,0,0,0,0,0,0,1,0,0,1,0,0,0,0,0,1,0
-1.0149934191398775,0,2,-1.117027370995314,-1.014091224964358,1,0,0,1,0,0,0,0,0,0,0,1,0,0,0,0,1,0,0
-0.48387621201652553,0,3,-0.27765533830677036,0.9195330386696953,1,0,0,1,0,0,0,0,0,0,0,0,1,0,0,1,0,0,0
-0.8379543500987603,0,2,-0.8036618121249244,-0.7378591873023504,1,0,0,1,0,0,0,0,0,0,0,0,1,0,0,0,1,0,0
0.7553972712712959,0,1,1.4552562022464843,-0.18539511197833522,1,0,0,0,0,0,0,0,0,1,0,1,0,0,0,0,1,0,0
-1.0149934191398775,0,2,1.4476458958167748,0.9195330386696953,0,0,1,0,0,0,1,0,0,0,0,0,0,0,1,1,0,0,0
1.9946707545591174,1,1,1.4279486321163504,2.576925264641741,0,1,0,0,0,0,1,0,0,0,0,1,0,0,0,1,0,0,1
-0.04127853941373217,1,3,-0.6984605173612936,-0.8299365331896864,1,0,0,0,0,0,1,0,0,0,0,1,0,0,0,1,0,0,0
0.31279959866850254,0,2,-0.2928759511661893,1.4719971139937107,1,0,0,1,0,0,0,0,0,0,0,0,1,0,0,1,0,0,0
-1.1035129536604362,1,0,-0.7168147858094164,-1.2903232626263657,0,0,1,0,0,0,1,0,0,0,0,0,1,0,0,1,0,0,0
0.31279959866850254,0,1,1.9136652483654542,-0.8299365331896864,1,0,0,0,0,0,1,0,0,0,0,1,0,0,0,1,0,0,0
-0.6609152810576429,1,2,-0.39404826017291505,-0.7378591873023504,1,0,0,1,0,0,0,0,0,0,0,0,0,0,1,1,0,0,0
-0.5723957465370842,0,1,-0.27765533830677036,0.36706896334568007,1,0,0,0,0,1,0,0,0,0,0,1,0,0,0,0,1,0,0
-0.48387621201652553,0,3,1.3482642471464512,0.6433010010076877,1,0,0,0,0,0,1,0,0,0,0,1,0,0,0,0,1,0,0
-0.9264738846193189,0,2,-0.7571046433784665,-0.7378591873023504,1,0,0,1,0,0,0,0,0,0,0,1,0,0,0,1,0,0,0
-0.39535667749596687,0,2,0.1901546745783113,-0.18539511197833522,1,0,0,0,0,0,1,0,0,0,0,1,0,0,0,1,0,0,0
1.9061512200385586,0,2,-0.3260031673896305,1.4719971139937107,0,1,0,0,0,0,1,0,0,0,0,1,0,0,0,0,1,0,1
-0.8379543500987603,0,1,-0.9715362186626331,-1.2903232626263657,1,0,0,0,0,0,1,0,0,0,0,1,0,0,0,1,0,0,0
1.4635535474357653,0,3,1.5734397844490313,-0.7378591873023504,1,0,0,1,0,0,0,0,0,0,0,1,0,0,0,0,1,0,1
-0.39535667749596687,1,2,2.9603062149925554,1.4719971139937107,1,0,0,1,0,0,0,0,0,0,0,1,0,0,0,1,0,0,0
-1.1035129536604362,1,3,-0.4441867495921774,-0.18539511197833522,1,0,0,0,0,0,1,0,0,0,0,1,0,0,0,0,0,1,0
-1.1035129536604362,1,1,1.4664478293489982,1.4719971139937107,0,0,1,0,0,1,0,0,0,0,0,1,0,0,0,1,0,0,1
-0.7494348155782016,0,2,-0.6993558475294946,-1.014091224964358,1,0,0,0,0,0,0,1,0,0,0,1,0,0,0,0,1,0,0
1.2865144783946478,0,2,-0.6339967452508134,-0.46162714964034285,1,0,0,1,0,0,0,0,0,0,0,1,0,0,0,0,1,0,0
2.2602293581207933,0,3,-0.4477680702649819,1.4719971139937107,0,1,0,0,0,0,0,1,0,0,0,1,0,0,0,0,1,0,1
-0.8379543500987603,1,2,0.10196465301050164,0.36706896334568007,1,0,0,1,0,0,0,0,0,0,0,1,0,0,0,1,0,0,0
1.1094754093535306,0,2,1.00132380696852,0.6433010010076877,1,0,0,0,0,0,0,0,0,1,0,1,0,0,0,1,0,0,0
-0.5723957465370842,1,2,-0.3501770819310605,-0.7378591873023504,1,0,0,1,0,0,0,0,0,0,0,1,0,0,0,1,0,0,0
-1.192032488180995,0,2,-0.8712592398241085,-0.7378591873023504,1,0,0,0,0,0,1,0,0,0,0,0,0,1,0,0,1,0,0
0.1357605296273852,0,2,-0.5077551915344565,1.4719971139937107,0,1,0,0,1,0,0,0,0,0,0,1,0,0,0,1,0,0,1
-0.9264738846193189,1,2,-0.2503477681766364,1.4719971139937107,1,0,0,1,0,0,0,0,0,0,0,1,0,0,0,1,0,0,0
-0.48387621201652553,1,2,2.318802149476458,1.4719971139937107,1,0,0,0,0,0,1,0,0,0,0,1,0,0,0,1,0,0,0
0.9324363403124133,0,1,-0.9952624681199626,-1.1982459167390298,0,0,1,1,0,0,0,0,0,0,0,1,0,0,0,1,0,0,0
1.3750340129152065,0,3,-0.800975821620321,-1.106168570851694,0,1,0,0,0,0,0,0,0,0,1,1,0,0,0,1,0,0,0
0.48983866770961987,1,1,1.3433399312213452,2.024461189317726,1,0,0,0,0,0,0,1,0,0,0,1,0,0,0,0,1,0,0
0.4013191331890612,0,3,-0.4370241082465685,1.4719971139937107,1,0,0,0,1,0,0,0,0,0,0,1,0,0,0,1,0,0,1
2.702827030723587,0,3,-0.6389210611759195,-0.7378591873023504,0,1,0,0,0,0,1,0,0,0,0,1,0,0,0,1,0,0,0
-0.12979807393429085,0,2,0.45293407894533805,2.024461189317726,1,0,0,1,0,0,0,0,0,0,0,1,0,0,0,1,0,0,1
1.3750340129152065,0,2,0.8137521367303867,-0.8299365331896864,1,0,0,1,0,0,0,0,0,0,0,1,0,0,0,0,1,0,0
0.31279959866850254,0,1,2.902109754059483,3.129389339965756,1,0,0,0,0,0,1,0,0,0,0,1,0,0,0,1,0,0,0
-1.192032488180995,0,2,0.393394622759964,0.9195330386696953,1,0,0,0,0,1,0,0,0,0,0,1,0,0,0,0,1,0,0
0.7553972712712959,1,2,1.338415615296239,0.36706896334568007,1,0,0,1,0,0,0,0,0,0,0,1,0,0,0,1,0,0,1
1.020955874832972,0,2,-0.7790402324993938,-0.46162714964034285,1,0,0,1,0,0,0,0,0,0,0,0,1,0,0,1,0,0,0
-1.0149934191398775,1,1,-0.6201191276436961,-0.18539511197833522,0,0,1,0,0,0,0,1,0,0,0,0,0,0,1,1,0,0,0
1.9946707545591174,1,1,-0.5364057569168921,0.36706896334568007,1,0,0,0,0,0,0,0,0,0,1,1,0,0,0,1,0,0,0
1.4635535474357653,0,1,-0.28571330982058035,-0.9220138790770223,1,0,0,1,0,0,0,0,0,0,0,1,0,0,0,1,0,0,0
-0.5723957465370842,1,3,-0.689954880763383,-0.7378591873023504,1,0,0,0,0,0,0,1,0,0,0,1,0,0,0,1,0,0,0
-0.7494348155782016,1,2,-0.7423316956031482,-0.18539511197833522,1,0,0,0,0,1,0,0,0,0,0,1,0,0,0,0,1,0,0
-0.48387621201652553,0,3,-0.3152592053712171,-0.18539511197833522,1,0,0,0,0,0,1,0,0,0,0,0,0,0,1,1,0,0,0
-0.6609152810576429,0,2,-0.8260450663299522,-0.7378591873023504,1,0,0,0,0,0,0,0,0,1,0,1,0,0,0,1,0,0,1
1.817631685518,0,2,-1.045400957539225,-0.7378591873023504,1,0,0,1,0,0,0,0,0,0,0,1,0,0,0,1,0,0,0
1.6405926164768827,0,2,-0.6912978760156847,-0.7378591873023504,1,0,0,0,0,0,1,0,0,0,0,1,0,0,0,1,0,0,0
-0.21831760845484952,1,1,-0.9652689074852253,-0.7378591873023504,1,0,0,1,0,0,0,0,0,0,0,1,0,0,0,1,0,0,1
-1.3690715572221124,0,2,0.2971466296783443,0.36706896334568007,0,0,1,0,0,1,0,0,0,0,0,1,0,0,0,0,0,1,0
1.6405926164768827,0,2,-0.7320353986688353,-0.7378591873023504,1,0,0,0,0,0,1,0,0,0,0,0,0,1,0,0,1,0,0
2.2602293581207933,1,2,-0.421355830303049,-0.7378591873023504,1,0,0,0,1,0,0,0,0,0,0,1,0,0,0,1,0,0,0
-0.12979807393429085,0,2,-0.1482801290017095,-0.18539511197833522,1,0,0,0,0,0,0,1,0,0,0,0,0,0,1,0,1,0,0
0.0472409951068265,0,2,-0.2758646779703681,1.4719971139937107,1,0,0,1,0,0,0,0,0,0,0,1,0,0,0,0,1,0,0
0.0472409951068265,0,3,1.837114518984259,-0.0012404202036634658,0,0,1,0,0,0,1,0,0,0,0,1,0,0,0,0,1,0,0
0.48983866770961987,0,1,-0.6644379709696513,0.36706896334568007,0,0,1,0,0,0,1,0,0,0,0,0,0,0,1,1,0,0,0
-1.0149934191398775,0,2,-0.28213198914777593,1.4719971139937107,0,0,1,1,0,0,0,0,0,0,0,1,0,0,0,0,1,0,0
-1.0149934191398775,1,2,-0.9048341211316502,-1.2903232626263657,1,0,0,1,0,0,0,0,0,0,0,1,0,0,0,1,0,0,0
-0.04127853941373217,0,2,-0.4629886831244008,-1.014091224964358,0,0,1,0,0,1,0,0,0,0,0,1,0,0,0,0,1,0,0
-0.8379543500987603,0,2,-0.227516848887508,-0.7378591873023504,0,0,1,0,0,0,1,0,0,0,0,1,0,0,0,1,0,0,0
0.31279959866850254,0,3,1.5689631336080256,-0.18539511197833522,1,0,0,0,0,0,1,0,0,0,0,1,0,0,0,1,0,0,1
-0.3068371429754082,0,2,1.3988504016498142,-0.7378591873023504,1,0,0,0,0,0,1,0,0,0,0,1,0,0,0,0,1,0,0
-0.48387621201652553,1,2,2.134364134827029,0.36706896334568007,1,0,0,0,0,1,0,0,0,0,0,1,0,0,0,1,0,0,0
-0.04127853941373217,0,2,-0.6908502109315842,-0.5537044955276788,1,0,0,0,0,0,0,1,0,0,0,0,1,0,0,0,1,0,0
-0.39535667749596687,0,2,-0.6733912726516624,-1.2903232626263657,1,0,0,0,0,0,0,1,0,0,0,0,0,0,1,0,1,0,0
-1.1035129536604362,1,2,-1.1465732665459507,-0.46162714964034285,0,0,1,0,1,0,0,0,0,0,0,1,0,0,0,0,0,1,0
-0.6609152810576429,0,1,1.4803254469561153,-0.18539511197833522,0,0,1,0,0,0,1,0,0,0,0,1,0,0,0,0,1,0,0
-0.9264738846193189,1,2,2.1943512560965033,1.4719971139937107,1,0,0,0,0,0,1,0,0,0,0,1,0,0,0,1,0,0,1
-0.04127853941373217,0,2,-0.5699806382244338,-0.7378591873023504,1,0,0,1,0,0,0,0,0,0,0,0,1,0,0,1,0,0,0
1.020955874832972,0,2,0.27968769139842264,2.576925264641741,1,0,0,1,0,0,0,0,0,0,0,1,0,0,0,1,0,0,0
-0.48387621201652553,1,3,1.8894913338240242,2.024461189317726,1,0,0,1,0,0,0,0,0,0,0,1,0,0,0,1,0,0,1
-0.7494348155782016,1,2,-0.36763602021098224,-0.9220138790770223,0,0,1,0,0,1,0,0,0,0,0,1,0,0,0,1,0,0,0
-1.1035129536604362,1,2,0.5943962455211139,1.195765076331703,1,0,0,0,0,1,0,0,0,0,0,0,1,0,0,1,0,0,1
0.0472409951068265,0,3,-0.262882390531452,-0.7378591873023504,1,0,0,0,0,0,1,0,0,0,0,0,1,0,0,0,1,0,0
-0.9264738846193189,1,2,-0.5005925501888475,0.09083692568367241,1,0,0,1,0,0,0,0,0,0,0,1,0,0,0,1,0,0,1
0.48983866770961987,1,3,0.40951056578758405,0.36706896334568007,0,0,1,0,0,0,1,0,0,0,0,1,0,0,0,1,0,0,0
-1.0149934191398775,0,1,-0.5305861108235849,-0.7378591873023504,0,0,1,0,0,1,0,0,0,0,0,1,0,0,0,1,0,0,0
2.4372684271619107,0,2,-0.9724315488308343,-0.9220138790770223,0,1,0,0,0,0,1,0,0,0,0,1,0,0,0,0,0,1,0
-0.7494348155782016,1,2,-0.460750357703898,-0.18539511197833522,0,0,1,0,0,1,0,0,0,0,0,1,0,0,0,0,1,0,1
-0.48387621201652553,0,2,-0.37256033613608835,-0.7378591873023504,1,0,0,0,0,0,1,0,0,0,0,1,0,0,0,1,0,0,0
0.4013191331890612,0,1,-1.0082447555588787,-0.7378591873023504,1,0,0,1,0,0,0,0,0,0,0,1,0,0,0,1,0,0,0
-0.48387621201652553,0,2,-1.0359999907731132,-0.7378591873023504,1,0,0,0,0,0,0,0,0,1,0,1,0,0,0,0,1,0,1
-0.12979807393429085,0,3,-0.48940092308633365,-0.7378591873023504,1,0,0,0,0,0,1,0,0,0,0,1,0,0,0,0,1,0,0
-0.5723957465370842,1,2,0.24432214975447866,-0.7378591873023504,1,0,0,0,0,0,1,0,0,0,0,1,0,0,0,1,0,0,1
-1.0149934191398775,1,2,2.477275589248055,2.576925264641741,1,0,0,0,0,0,1,0,0,0,0,1,0,0,0,0,1,0,0
-0.5723957465370842,0,2,1.7610114546871645,1.4719971139937107,1,0,0,0,1,0,0,0,0,0,0,1,0,0,0,1,0,0,1
-0.7494348155782016,0,1,-0.10978093176906163,-0.46162714964034285,1,0,0,0,0,1,0,0,0,0,0,1,0,0,0,1,0,0,0
1.020955874832972,0,2,-0.43389045265786463,-0.18539511197833522,0,1,0,0,0,1,0,0,0,0,0,1,0,0,0,1,0,0,0
0.22428006414794385,1,2,-0.7669532752286787,-0.7378591873023504,1,0,0,1,0,0,0,0,0,0,0,1,0,0,0,1,0,0,0
-0.7494348155782016,0,2,2.533681389844725,0.6433010010076877,1,0,0,0,0,0,1,0,0,0,0,0,0,1,0,1,0,0,0
2.702827030723587,0,1,-0.9791465250923426,-0.7378591873023504,1,0,0,1,0,0,0,0,0,0,0,0,1,0,0,0,1,0,1
-0.04127853941373217,0,2,-0.1008276300870505,-0.46162714964034285,1,0,0,1,0,0,0,0,0,0,0,1,0,0,0,0,1,0,0
0.7553972712712959,1,1,-0.47999995632022197,-0.7378591873023504,0,0,1,1,0,0,0,0,0,0,0,1,0,0,0,0,0,1,0
-0.7494348155782016,0,0,-1.0046634348860743,-1.2903232626263657,1,0,0,0,0,0,1,0,0,0,0,0,0,1,0,0,0,1,0
-0.48387621201652553,1,3,0.8244960987488,1.4719971139937107,1,0,0,1,0,0,0,0,0,0,0,1,0,0,0,0,1,0,0
-0.7494348155782016,0,3,0.20716594777413244,0.6433010010076877,1,0,0,1,0,0,0,0,0,0,0,1,0,0,0,1,0,0,0
-1.192032488180995,0,2,-0.21990654245779856,-0.18539511197833522,1,0,0,0,0,1,0,0,0,0,0,1,0,0,0,1,0,0,1
-1.1035129536604362,1,2,-0.2978002670912954,0.09083692568367241,1,0,0,0,0,1,0,0,0,0,0,1,0,0,0,1,0,0,0
-0.48387621201652553,0,2,0.2743157103892159,2.576925264641741,1,0,0,0,0,0,0,1,0,0,0,0,0,0,1,0,1,0,0
0.31279959866850254,1,2,-0.9370660071868903,-1.2903232626263657,1,0,0,0,0,0,1,0,0,0,0,1,0,0,0,1,0,0,0
1.3750340129152065,1,2,-1.0167503921567893,-0.7378591873023504,1,0,0,0,0,0,1,0,0,0,0,0,0,0,1,1,0,0,0
-0.6609152810576429,0,2,1.0823511871907205,1.4719971139937107,1,0,0,0,0,1,0,0,0,0,0,1,0,0,0,1,0,0,0
0.9324363403124133,0,2,-0.6138518164662884,-0.18539511197833522,1,0,0,1,0,0,0,0,0,0,0,0,0,1,0,1,0,0,0
0.5783582022301785,0,2,-0.7195007763140198,-1.2903232626263657,0,1,0,1,0,0,0,0,0,0,0,0,0,0,1,1,0,0,0
0.22428006414794385,0,2,-0.460750357703898,-0.9220138790770223,1,0,0,1,0,0,0,0,0,0,0,1,0,0,0,1,0,0,0
-1.0149934191398775,0,2,1.2958874323066862,1.4719971139937107,1,0,0,1,0,0,0,0,0,0,0,1,0,0,0,0,0,1,0
-0.5723957465370842,1,2,2.1509277429387494,0.36706896334568007,0,0,1,0,0,0,1,0,0,0,0,0,0,1,0,0,1,0,0
0.0472409951068265,0,3,1.796824661415209,0.36706896334568007,0,0,1,0,0,0,0,1,0,0,0,0,0,0,1,0,1,0,0
-1.3690715572221124,1,2,-0.7481513416964554,-0.7378591873023504,0,0,1,0,0,1,0,0,0,0,0,1,0,0,0,1,0,0,1
1.1094754093535306,0,2,-0.745465351191852,-1.014091224964358,1,0,0,0,0,0,0,0,0,1,0,0,0,0,1,1,0,0,0
0.8439168057918546,0,1,-1.1702995160032803,-0.7378591873023504,1,0,0,0,1,0,0,0,0,0,0,1,0,0,0,1,0,0,0
0.22428006414794385,0,2,0.2501417958477859,0.36706896334568007,1,0,0,0,0,0,1,0,0,0,0,0,0,0,1,0,1,0,0
-0.12979807393429085,0,1,-0.47238964989051246,-1.2903232626263657,1,0,0,1,0,0,0,0,0,0,0,1,0,0,0,1,0,0,0
0.0472409951068265,0,2,-0.036363857976570345,0.36706896334568007,1,0,0,1,0,0,0,0,0,0,0,0,0,0,1,1,0,0,0
-0.48387621201652553,1,2,-0.8497713157872817,-0.18539511197833522,1,0,0,0,0,0,1,0,0,0,0,1,0,0,0,1,0,0,0
0.0472409951068265,0,2,-0.7571046433784665,-0.46162714964034285,1,0,0,0,0,0,0,0,1,0,0,0,1,0,0,1,0,0,0
3.0569051688058213,0,3,1.9494784550934987,-0.9220138790770223,0,1,0,0,0,0,1,0,0,0,0,1,0,0,0,0,1,0,0
0.0472409951068265,0,2,-0.915130418065963,1.4719971139937107,1,0,0,0,0,0,1,0,0,0,0,0,1,0,0,1,0,0,0
-0.3068371429754082,0,2,0.011088640938088657,-1.2903232626263657,1,0,0,0,0,1,0,0,0,0,0,0,1,0,0,1,0,0,0
-0.21831760845484952,1,2,-0.8157487693956395,-0.18539511197833522,1,0,0,0,0,1,0,0,0,0,0,1,0,0,0,1,0,0,1
-1.3690715572221124,1,2,-0.6160901418867911,-0.8299365331896864,1,0,0,0,0,1,0,0,0,0,0,0,0,1,0,0,1,0,0
-0.9264738846193189,1,2,0.4560677345340419,0.36706896334568007,0,0,1,0,0,1,0,0,0,0,0,1,0,0,0,1,0,0,0
-0.39535667749596687,0,2,-0.4558260417787919,0.36706896334568007,1,0,0,0,0,0,0,1,0,0,0,1,0,0,0,0,1,0,1
-0.21831760845484952,0,2,-0.8967761496178401,-0.46162714964034285,0,0,1,0,0,0,1,0,0,0,0,1,0,0,0,1,0,0,1
-0.8379543500987603,1,2,-0.9804895203446442,-0.7378591873023504,1,0,0,0,0,1,0,0,0,0,0,1,0,0,0,1,0,0,0
-0.12979807393429085,1,3,-0.3980772459298201,0.36706896334568007,1,0,0,0,0,1,0,0,0,0,0,1,0,0,0,0,1,0,1
-0.21831760845484952,0,2,-0.6890595505951819,-1.106168570851694,1,0,0,1,0,0,0,0,0,0,0,1,0,0,0,0,1,0,0
-0.8379543500987603,0,2,0.20627061760593135,0.09083692568367241,1,0,0,0,1,0,0,0,0,0,0,1,0,0,0,1,0,0,1
1.552073081956324,1,3,2.0287151749792973,0.9195330386696953,1,0,0,0,0,0,1,0,0,0,0,1,0,0,0,1,0,0,1
0.5783582022301785,0,2,-0.16842505778623454,-0.7378591873023504,1,0,0,0,0,1,0,0,0,0,0,1,0,0,0,1,0,0,0
1.4635535474357653,0,2,-1.1707471810873809,-1.2903232626263657,1,0,0,1,0,0,0,0,0,0,0,0,1,0,0,1,0,0,0
-0.39535667749596687,0,3,-0.4432914194239763,-0.7378591873023504,0,0,1,1,0,0,0,0,0,0,0,1,0,0,0,1,0,0,0
2.614307496203028,0,2,-1.066441216491951,0.09083692568367241,1,0,0,0,0,0,1,0,0,0,0,1,0,0,0,1,0,0,0
-0.6609152810576429,0,2,2.962992205497159,1.4719971139937107,1,0,0,0,0,0,0,1,0,0,0,1,0,0,0,1,0,0,1
-0.48387621201652553,0,3,0.6722899701546108,1.4719971139937107,1,0,0,0,0,0,0,1,0,0,0,1,0,0,0,0,1,0,1
0.4013191331890612,0,1,-0.5847535859997522,0.09083692568367241,1,0,0,0,0,0,1,0,0,0,0,1,0,0,0,1,0,0,1
1.2865144783946478,0,2,0.3687730431344334,0.36706896334568007,1,0,0,0,0,1,0,0,0,0,0,0,0,1,0,1,0,0,0
0.0472409951068265,0,2,-0.9263220451684769,-0.18539511197833522,1,0,0,0,0,0,1,0,0,0,0,1,0,0,0,0,1,0,1
-0.39535667749596687,0,2,-0.7132334651366119,-0.46162714964034285,1,0,0,1,0,0,0,0,0,0,0,1,0,0,0,1,0,0,0
3.410983306888056,1,3,0.9740162368383859,-1.014091224964358,0,1,0,0,0,0,1,0,0,0,0,1,0,0,0,0,1,0,1
2.879866099764704,0,0,-0.7960515056952149,-0.369549803753007,0,1,0,0,0,0,1,0,0,0,0,1,0,0,0,0,1,0,0
-1.3690715572221124,0,2,-1.0203317128295937,-0.7378591873023504,1,0,0,1,0,0,0,0,0,0,0,0,0,0,1,1,0,0,1
-0.21831760845484952,1,2,0.13016755330883673,-0.18539511197833522,1,0,0,0,0,1,0,0,0,0,0,1,0,0,0,0,1,0,0
1.6405926164768827,0,3,0.7331724215922865,0.36706896334568007,1,0,0,0,0,0,0,1,0,0,0,0,0,1,0,1,0,0,1
-0.12979807393429085,0,1,0.39876660376917067,2.576925264641741,0,1,0,0,0,0,0,1,0,0,0,0,0,0,1,0,1,0,1
0.0472409951068265,0,2,0.4305508247403102,0.6433010010076877,1,0,0,0,0,0,0,1,0,0,0,1,0,0,0,0,1,0,1
-0.5723957465370842,0,2,-0.3783799822293956,-1.2903232626263657,0,0,1,1,0,0,0,0,0,0,0,1,0,0,0,1,0,0,0
-1.2805520227015537,0,2,0.03481489039541816,2.3006932269797336,0,0,1,1,0,0,0,0,0,0,0,0,0,0,1,0,1,0,1
-0.12979807393429085,1,3,-0.6501126882784335,-1.014091224964358,1,0,0,0,1,0,0,0,0,0,0,1,0,0,0,0,1,0,1
-0.6609152810576429,1,2,-0.7033848332863997,-1.2903232626263657,1,0,0,1,0,0,0,0,0,0,0,1,0,0,0,1,0,0,0
-0.7494348155782016,1,2,-0.8963284845337396,-0.7378591873023504,0,0,1,0,0,1,0,0,0,0,0,0,0,0,1,0,1,0,1
0.0472409951068265,0,2,-0.08650234739583268,0.36706896334568007,0,1,0,0,0,0,1,0,0,0,0,1,0,0,0,0,1,0,0
0.4013191331890612,0,3,0.6015588868667229,-0.18539511197833522,1,0,0,0,0,1,0,0,0,0,0,1,0,0,0,0,1,0,1
1.4635535474357653,0,2,-0.9030434607952479,-1.014091224964358,1,0,0,0,1,0,0,0,0,0,0,0,1,0,0,1,0,0,0
-0.7494348155782016,0,1,-0.7991851612839188,-0.7378591873023504,1,0,0,0,0,0,1,0,0,0,0,1,0,0,0,1,0,0,0
-0.8379543500987603,0,2,0.9686442558291792,0.6433010010076877,1,0,0,0,0,0,0,1,0,0,0,1,0,0,0,1,0,0,0
-1.2805520227015537,0,2,-0.9182640736546669,-0.7378591873023504,0,0,1,0,1,0,0,0,0,0,0,1,0,0,0,1,0,0,1
0.22428006414794385,0,1,-0.6527986787830368,-0.7378591873023504,1,0,0,0,0,0,1,0,0,0,0,1,0,0,0,1,0,0,0
0.22428006414794385,0,3,3.433488208886844,0.9195330386696953,0,1,0,0,0,0,1,0,0,0,0,1,0,0,0,1,0,0,0
0.6668777367507372,0,2,-0.4558260417787919,-0.7378591873023504,1,0,0,0,0,1,0,0,0,0,0,1,0,0,0,1,0,0,0
-0.8379543500987603,0,2,-0.6845828997541763,-0.7378591873023504,1,0,0,0,0,0,0,0,1,0,0,1,0,0,0,0,1,0,0
-1.2805520227015537,0,1,1.6182062928590868,0.36706896334568007,1,0,0,0,0,0,0,1,0,0,0,1,0,0,0,1,0,0,0
1.7291121509974412,0,2,-0.6895072156792824,-0.7378591873023504,1,0,0,0,0,0,1,0,0,0,0,0,0,1,0,1,0,0,0
-0.21831760845484952,0,2,0.054064489011742094,-1.014091224964358,1,0,0,1,0,0,0,0,0,0,0,1,0,0,0,1,0,0,0
0.8439168057918546,1,1,0.39473761801226565,1.4719971139937107,1,0,0,1,0,0,0,0,0,0,0,1,0,0,0,1,0,0,0
1.2865144783946478,0,2,1.0474333106308773,0.6433010010076877,1,0,0,0,0,0,0,1,0,0,0,1,0,0,0,1,0,0,1
2.702827030723587,0,3,-0.4679129990495069,0.9195330386696953,1,0,0,0,0,0,0,1,0,0,0,1,0,0,0,0,0,1,1
1.3750340129152065,0,2,0.17403873155069127,1.4719971139937107,1,0,0,1,0,0,0,0,0,0,0,1,0,0,0,1,0,0,0
0.31279959866850254,1,1,-0.9048341211316502,-1.2903232626263657,1,0,0,0,1,0,0,0,0,0,0,1,0,0,0,0,1,0,0
-0.39535667749596687,0,2,0.0674944415347588,-0.18539511197833522,1,0,0,0,0,0,0,1,0,0,0,1,0,0,0,1,0,0,0
-1.1035129536604362,0,2,0.4296554945721091,1.4719971139937107,1,0,0,1,0,0,0,0,0,0,0,1,0,0,0,0,0,1,0
-1.0149934191398775,0,1,0.03033823955441259,0.36706896334568007,0,0,1,0,0,1,0,0,0,0,0,1,0,0,0,1,0,0,0
2.5257879616824694,1,2,-0.7114428048002097,-0.9220138790770223,1,0,0,0,0,0,1,0,0,0,0,1,0,0,0,1,0,0,0
-0.8379543500987603,0,1,-1.042267301950521,-0.7378591873023504,1,0,0,1,0,0,0,0,0,0,0,1,0,0,0,0,1,0,0
-1.1035129536604362,1,2,-0.784859878592701,-0.7378591873023504,0,0,1,0,1,0,0,0,0,0,0,1,0,0,0,1,0,0,0
-0.48387621201652553,0,2,-1.0055587650542754,-0.7378591873023504,1,0,0,1,0,0,0,0,0,0,0,1,0,0,0,1,0,0,0
-0.3068371429754082,0,2,0.011088640938088657,0.36706896334568007,1,0,0,0,0,0,0,1,0,0,0,1,0,0,0,1,0,0,0
-0.48387621201652553,0,2,0.7627183171429232,-0.46162714964034285,1,0,0,0,0,0,1,0,0,0,0,1,0,0,0,1,0,0,0
-0.7494348155782016,0,2,-0.1523091147586145,1.4719971139937107,1,0,0,0,0,0,0,0,0,1,0,1,0,0,0,1,0,0,0
-0.7494348155782016,0,2,3.584799007312832,2.576925264641741,1,0,0,1,0,0,0,0,0,0,0,0,0,1,0,0,1,0,1
1.552073081956324,0,3,2.1988279069375087,-0.7378591873023504,0,1,0,0,0,1,0,0,0,0,0,1,0,0,0,1,0,0,1
-1.192032488180995,0,2,-0.6604089852127463,-1.014091224964358,1,0,0,1,0,0,0,0,0,0,0,1,0,0,0,1,0,0,1
-1.192032488180995,0,2,0.08763937031928384,0.36706896334568007,0,1,0,0,0,1,0,0,0,0,0,1,0,0,0,1,0,0,0
-0.8379543500987603,0,2,0.5626120245499744,1.4719971139937107,1,0,0,1,0,0,0,0,0,0,0,1,0,0,0,0,0,1,1
1.3750340129152065,0,1,-0.1997616136732735,-1.014091224964358,0,1,0,0,0,0,1,0,0,0,0,0,1,0,0,1,0,0,0
-0.04127853941373217,0,2,-0.3636070344540772,-0.7378591873023504,1,0,0,1,0,0,0,0,0,0,0,0,0,0,1,1,0,0,0
-0.9264738846193189,0,1,-0.9343800166822869,-0.18539511197833522,1,0,0,1,0,0,0,0,0,0,0,1,0,0,0,0,1,0,0
0.5783582022301785,0,1,-0.6308630896621096,-1.4744779544010376,1,0,0,1,0,0,0,0,0,0,0,1,0,0,0,1,0,0,0
-0.48387621201652553,0,3,-0.5059645311980542,0.36706896334568007,1,0,0,1,0,0,0,0,0,0,0,1,0,0,0,1,0,0,1
2.2602293581207933,0,1,-0.08336869180712879,0.09083692568367241,0,0,1,0,0,0,0,1,0,0,0,0,0,0,1,0,1,0,1
-0.04127853941373217,1,2,-0.7441223559395503,-0.7378591873023504,1,0,0,1,0,0,0,0,0,0,0,1,0,0,0,1,0,0,0
0.31279959866850254,0,2,-0.19304663741176517,0.9195330386696953,1,0,0,1,0,0,0,0,0,0,0,1,0,0,0,1,0,0,0
-0.5723957465370842,1,2,-0.9124444275613597,0.36706896334568007,1,0,0,0,0,0,1,0,0,0,0,1,0,0,0,1,0,0,1
1.3750340129152065,0,2,-0.6080321703729812,-1.2903232626263657,1,0,0,1,0,0,0,0,0,0,0,1,0,0,0,1,0,0,0
-1.0149934191398775,0,2,0.7394397327696942,2.576925264641741,0,1,0,0,0,0,1,0,0,0,0,1,0,0,0,1,0,0,1
-0.7494348155782016,1,2,-0.7915748548542093,-0.7378591873023504,1,0,0,0,0,0,0,1,0,0,0,1,0,0,0,1,0,0,0
-0.04127853941373217,1,1,0.2210435653812497,-0.7378591873023504,1,0,0,0,1,0,0,0,0,0,0,0,1,0,0,1,0,0,0
-0.9264738846193189,0,2,-0.7588953037148687,0.36706896334568007,1,0,0,0,0,0,0,1,0,0,0,1,0,0,0,1,0,0,0
1.4635535474357653,0,2,-1.0010821142132698,-0.7378591873023504,1,0,0,1,0,0,0,0,0,0,0,1,0,0,0,1,0,0,0
-0.04127853941373217,0,2,-0.7830692182562987,-1.2903232626263657,0,0,1,0,0,0,1,0,0,0,0,0,0,0,1,1,0,0,0
-0.8379543500987603,0,2,-0.46030269261979745,0.36706896334568007,1,0,0,0,0,1,0,0,0,0,0,1,0,0,0,0,0,1,0
-1.192032488180995,1,2,-1.1282189980978279,-0.18539511197833522,0,0,1,1,0,0,0,0,0,0,0,1,0,0,0,1,0,0,1
0.31279959866850254,1,1,-1.0239130335023983,-1.2903232626263657,1,0,0,0,0,0,1,0,0,0,0,0,0,1,0,1,0,0,0
0.9324363403124133,1,1,-0.314363875203016,-0.7378591873023504,1,0,0,0,0,1,0,0,0,0,0,1,0,0,0,0,0,1,0
-1.0149934191398775,1,2,-0.3595780486971722,0.9195330386696953,1,0,0,0,0,0,1,0,0,0,0,1,0,0,0,0,1,0,1
-0.04127853941373217,0,2,0.5361997845880415,0.36706896334568007,1,0,0,0,0,1,0,0,0,0,0,0,0,0,1,1,0,0,0
-1.0149934191398775,0,2,-0.413297858789239,-1.014091224964358,1,0,0,0,0,1,0,0,0,0,0,1,0,0,0,0,1,0,0
-0.04127853941373217,0,1,-0.12052489378747498,0.36706896334568007,1,0,0,1,0,0,0,0,0,0,0,1,0,0,0,1,0,0,0
-0.5723957465370842,0,2,-0.3600257137812728,-0.7378591873023504,0,1,0,1,0,0,0,0,0,0,0,1,0,0,0,1,0,0,1
-1.1035129536604362,1,2,0.38444132107795287,-0.46162714964034285,1,0,0,0,0,0,1,0,0,0,0,0,0,0,1,1,0,0,0
1.9061512200385586,1,1,-0.8054524724613266,-0.8299365331896864,1,0,0,1,0,0,0,0,0,0,0,0,0,0,1,1,0,0,0
-0.7494348155782016,0,2,-0.5802769351587467,-0.7378591873023504,1,0,0,0,0,1,0,0,0,0,0,1,0,0,0,1,0,0,0
1.7291121509974412,1,2,-0.6044508497001767,0.36706896334568007,1,0,0,1,0,0,0,0,0,0,0,1,0,0,0,1,0,0,0
0.0472409951068265,0,3,1.0514622963877822,-0.18539511197833522,0,1,0,0,0,0,1,0,0,0,0,1,0,0,0,1,0,0,0
1.9061512200385586,1,1,-0.09187432840503937,-0.7378591873023504,0,1,0,0,1,0,0,0,0,0,0,1,0,0,0,1,0,0,0
-0.3068371429754082,0,1,-0.7709822609855838,-0.9220138790770223,1,0,0,0,0,0,1,0,0,0,0,1,0,0,0,1,0,0,0
0.1357605296273852,0,2,-0.9630305820647225,-0.46162714964034285,1,0,0,1,0,0,0,0,0,0,0,1,0,0,0,0,1,0,1
0.0472409951068265,0,2,1.50002271065654,1.4719971139937107,1,0,0,0,0,0,0,1,0,0,0,1,0,0,0,1,0,0,0
0.22428006414794385,1,2,-0.6357874055872157,0.36706896334568007,1,0,0,1,0,0,0,0,0,0,0,1,0,0,0,1,0,0,0
0.8439168057918546,0,3,2.6970791455414282,-0.5537044955276788,1,0,0,0,0,0,1,0,0,0,0,1,0,0,0,1,0,0,1
-0.9264738846193189,0,2,-0.8748405604969128,0.36706896334568007,1,0,0,1,0,0,0,0,0,0,0,1,0,0,0,1,0,0,0
-0.3068371429754082,0,2,-0.13037352563768723,-0.18539511197833522,1,0,0,0,0,0,1,0,0,0,0,1,0,0,0,1,0,0,0
0.1357605296273852,1,2,-0.6944315316043885,-0.7378591873023504,0,0,1,0,0,1,0,0,0,0,0,0,1,0,0,1,0,0,0
-0.6609152810576429,0,2,0.0477971778343343,2.576925264641741,1,0,0,1,0,0,0,0,0,0,0,1,0,0,0,0,1,0,1
-0.3068371429754082,0,2,-0.11470524769416775,-1.014091224964358,1,0,0,1,0,0,0,0,0,0,0,1,0,0,0,1,0,0,0
-0.8379543500987603,1,2,-0.24587111733563083,-0.18539511197833522,1,0,0,1,0,0,0,0,0,0,0,1,0,0,0,1,0,0,0
1.1979949438740893,0,1,-0.7571046433784665,-0.7378591873023504,1,0,0,0,0,1,0,0,0,0,0,1,0,0,0,1,0,0,0
-0.3068371429754082,1,2,0.7421257232742976,-1.2903232626263657,1,0,0,0,0,1,0,0,0,0,0,1,0,0,0,1,0,0,1
-0.5723957465370842,0,3,-0.4710466546382108,0.36706896334568007,0,0,1,1,0,0,0,0,0,0,0,0,0,0,1,1,0,0,0
-1.1035129536604362,0,2,0.18567802373730574,-0.46162714964034285,0,0,1,0,0,0,1,0,0,0,0,0,0,1,0,1,0,0,0
1.2865144783946478,0,2,-0.6174331371390929,-0.7378591873023504,1,0,0,0,0,1,0,0,0,0,0,1,0,0,0,1,0,0,0
1.1979949438740893,0,1,-0.6751819329880646,-0.18539511197833522,1,0,0,1,0,0,0,0,0,0,0,1,0,0,0,0,0,1,0
2.4372684271619107,0,2,-0.6416070516805229,-0.46162714964034285,1,0,0,0,0,1,0,0,0,0,0,1,0,0,0,1,0,0,0
0.1357605296273852,0,2,0.4139872166285896,0.36706896334568007,1,0,0,0,0,0,1,0,0,0,0,0,0,0,1,0,1,0,0
-0.04127853941373217,1,1,3.477807052212799,2.4848479187544052,1,0,0,0,0,0,1,0,0,0,0,1,0,0,0,1,0,0,0
-0.8379543500987603,0,2,0.8213624431600961,2.576925264641741,1,0,0,0,0,0,1,0,0,0,0,1,0,0,0,1,0,0,0
-0.39535667749596687,0,3,2.072138688137051,2.576925264641741,0,1,0,0,0,0,0,0,0,0,1,0,0,0,1,0,1,0,0
1.1979949438740893,1,2,-0.8332077076755611,-0.7378591873023504,1,0,0,1,0,0,0,0,0,0,0,1,0,0,0,0,1,0,0
1.1094754093535306,0,2,-0.863648933394399,0.36706896334568007,1,0,0,1,0,0,0,0,0,0,0,1,0,0,0,1,0,0,1
-0.8379543500987603,0,2,-0.84037034902117,-0.7378591873023504,1,0,0,0,0,0,0,1,0,0,0,1,0,0,0,1,0,0,0
-0.6609152810576429,0,3,2.885098480863662,1.4719971139937107,0,0,1,0,0,0,1,0,0,0,0,1,0,0,0,0,1,0,1
0.7553972712712959,1,3,1.551504195328104,0.36706896334568007,0,1,0,0,0,0,1,0,0,0,0,1,0,0,0,1,0,0,0
1.817631685518,0,2,0.8249437638329006,2.024461189317726,0,1,0,0,0,0,1,0,0,0,0,1,0,0,0,0,0,1,0
0.9324363403124133,0,3,2.0931789470897773,2.576925264641741,1,0,0,0,0,0,0,1,0,0,0,1,0,0,0,1,0,0,0
-0.8379543500987603,1,2,3.136686258128175,2.576925264641741,1,0,0,0,0,1,0,0,0,0,0,1,0,0,0,0,1,0,1
-1.3690715572221124,1,2,0.7707762886567332,-0.7378591873023504,0,0,1,0,0,0,1,0,0,0,0,1,0,0,0,1,0,0,0
0.8439168057918546,0,1,-0.7459130162759525,-0.9220138790770223,1,0,0,0,0,0,1,0,0,0,0,1,0,0,0,1,0,0,0
0.6668777367507372,0,2,-0.19618029300046905,-0.18539511197833522,1,0,0,0,0,1,0,0,0,0,0,1,0,0,0,1,0,0,0
-0.3068371429754082,0,2,-0.09321732365734103,0.09083692568367241,1,0,0,0,0,1,0,0,0,0,0,0,0,1,0,0,1,0,0
1.6405926164768827,1,0,-1.021227042997795,-1.2903232626263657,1,0,0,0,0,0,1,0,0,0,0,1,0,0,0,1,0,0,0
0.5783582022301785,1,2,0.3808600004051484,1.4719971139937107,1,0,0,1,0,0,0,0,0,0,0,1,0,0,0,0,1,0,1
0.1357605296273852,0,1,-0.7203961064822209,0.36706896334568007,1,0,0,0,0,0,1,0,0,0,0,1,0,0,0,0,0,1,1
1.1979949438740893,0,2,-0.8573816222169912,-0.9220138790770223,1,0,0,0,0,0,1,0,0,0,0,1,0,0,0,1,0,0,0
0.7553972712712959,0,2,3.211446327172968,2.576925264641741,0,1,0,0,0,0,1,0,0,0,0,0,1,0,0,1,0,0,1
-0.21831760845484952,0,2,-0.6313107547462101,-1.2903232626263657,1,0,0,0,0,1,0,0,0,0,0,0,0,1,0,1,0,0,0
-1.0149934191398775,1,1,0.8316587400944089,0.9195330386696953,0,0,1,0,0,0,1,0,0,0,0,1,0,0,0,1,0,0,0
-0.21831760845484952,0,1,-0.9966054633722643,-0.7378591873023504,1,0,0,1,0,0,0,0,0,0,0,0,0,0,1,1,0,0,1
-1.0149934191398775,1,2,-0.7682962704809804,-1.106168570851694,1,0,0,0,0,1,0,0,0,0,0,1,0,0,0,0,1,0,1
-1.192032488180995,0,1,-1.1985024163016154,-1.014091224964358,0,0,1,0,0,0,1,0,0,0,0,1,0,0,0,0,1,0,0
0.4013191331890612,0,0,1.0868278380317262,2.576925264641741,0,1,0,0,0,0,0,0,0,0,1,1,0,0,0,0,1,0,0
-0.9264738846193189,0,2,1.1450242989647985,0.36706896334568007,1,0,0,0,0,1,0,0,0,0,0,0,0,0,1,1,0,0,0
-0.8379543500987603,1,2,0.3562384207796178,0.36706896334568007,1,0,0,0,0,1,0,0,0,0,0,1,0,0,0,0,0,1,0
-0.9264738846193189,0,1,-1.0154073969044877,-0.7378591873023504,1,0,0,0,0,0,1,0,0,0,0,1,0,0,0,0,1,0,1
-0.5723957465370842,0,1,-0.6532463438671373,-1.4744779544010376,1,0,0,0,0,0,1,0,0,0,0,1,0,0,0,0,0,1,0
-0.39535667749596687,0,2,-0.09276965857324047,1.4719971139937107,1,0,0,0,0,1,0,0,0,0,0,1,0,0,0,1,0,0,1
0.22428006414794385,0,1,-1.005111099970175,-0.7378591873023504,1,0,0,0,0,1,0,0,0,0,0,1,0,0,0,1,0,0,0
1.1094754093535306,1,1,0.6257328014081529,0.36706896334568007,1,0,0,0,0,1,0,0,0,0,0,1,0,0,0,0,1,0,0
-0.3068371429754082,0,2,-1.0082447555588787,-0.7378591873023504,1,0,0,0,1,0,0,0,0,0,0,1,0,0,0,1,0,0,0
-0.7494348155782016,1,1,0.3087859218649588,-0.46162714964034285,1,0,0,0,0,1,0,0,0,0,0,1,0,0,0,1,0,0,0
-0.6609152810576429,0,3,0.5800709628298961,0.9195330386696953,1,0,0,0,0,0,1,0,0,0,0,1,0,0,0,0,1,0,1
-0.3068371429754082,0,2,-0.45448304652649024,0.36706896334568007,1,0,0,1,0,0,0,0,0,0,0,1,0,0,0,1,0,0,1
-0.12979807393429085,0,3,-0.019352584780749194,0.36706896334568007,0,1,0,0,0,0,1,0,0,0,0,1,0,0,0,1,0,0,0
-0.6609152810576429,0,2,-0.1317165208899889,-0.18539511197833522,1,0,0,0,0,1,0,0,0,0,0,0,0,1,0,1,0,0,0
0.0472409951068265,1,2,-0.8618582730579968,-0.18539511197833522,1,0,0,0,0,0,1,0,0,0,0,1,0,0,0,1,0,0,0
0.31279959866850254,0,1,0.19910797626032242,-1.106168570851694,1,0,0,0,0,0,1,0,0,0,0,1,0,0,0,1,0,0,0
1.1979949438740893,0,2,1.27484717335396,-0.7378591873023504,0,0,1,0,0,1,0,0,0,0,0,1,0,0,0,1,0,0,0
-0.12979807393429085,1,2,-0.6393687262600201,0.36706896334568007,1,0,0,0,0,0,1,0,0,0,0,0,0,1,0,1,0,0,0
-0.39535667749596687,0,2,0.6803479416684208,1.4719971139937107,1,0,0,1,0,0,0,0,0,0,0,1,0,0,0,0,0,1,0
-0.6609152810576429,0,2,-0.8439516696939745,-1.2903232626263657,1,0,0,1,0,0,0,0,0,0,0,1,0,0,0,0,1,0,0
3.499502841408615,0,3,1.6392465518118131,0.36706896334568007,0,1,0,0,0,0,1,0,0,0,0,1,0,0,0,1,0,0,0
-0.48387621201652553,1,2,-0.4876102627499314,-0.18539511197833522,1,0,0,0,1,0,0,0,0,0,0,0,0,0,1,1,0,0,1
-1.0149934191398775,1,1,3.866380345212082,2.576925264641741,0,0,1,0,0,0,1,0,0,0,0,0,0,0,1,1,0,0,1
-1.1035129536604362,0,2,0.5178455161399187,0.36706896334568007,0,0,1,0,0,1,0,0,0,0,0,1,0,0,0,1,0,0,1
0.7553972712712959,0,3,0.19284066508291464,-1.2903232626263657,0,0,1,0,0,1,0,0,0,0,0,1,0,0,0,1,0,0,1
-1.1035129536604362,1,1,-0.3815136378180995,-0.6457818414150146,1,0,0,1,0,0,0,0,0,0,0,1,0,0,0,0,1,0,0
-1.0149934191398775,1,2,-0.7512849972851593,-0.46162714964034285,0,0,1,0,0,0,0,0,1,0,0,1,0,0,0,1,0,0,1
-0.6609152810576429,0,2,0.5442577561018516,0.36706896334568007,1,0,0,0,0,1,0,0,0,0,0,1,0,0,0,1,0,0,0
-0.39535667749596687,0,1,-0.6411593865964224,-0.9220138790770223,1,0,0,0,0,1,0,0,0,0,0,1,0,0,0,0,1,0,0
-1.0149934191398775,1,2,1.2488825984761276,0.36706896334568007,0,1,0,0,1,0,0,0,0,0,0,1,0,0,0,0,1,0,0
-0.8379543500987603,1,1,0.28908865816453433,0.09083692568367241,0,0,1,0,0,1,0,0,0,0,0,1,0,0,0,1,0,0,0
-0.9264738846193189,0,2,0.11628993570171946,-0.18539511197833522,0,0,1,1,0,0,0,0,0,0,0,0,1,0,0,0,1,0,0
-0.21831760845484952,0,3,0.6651273288090018,-0.18539511197833522,1,0,0,0,0,0,0,1,0,0,0,1,0,0,0,0,1,0,0
0.1357605296273852,0,1,0.44577143759972915,-0.9220138790770223,1,0,0,0,0,0,1,0,0,0,0,1,0,0,0,0,0,1,0
0.6668777367507372,1,1,-0.6689146218106569,-0.46162714964034285,1,0,0,1,0,0,0,0,0,0,0,1,0,0,0,1,0,0,0
-1.1035129536604362,0,2,-0.927217375336678,-0.6457818414150146,1,0,0,1,0,0,0,0,0,0,0,1,0,0,0,0,1,0,0
-1.1035129536604362,1,0,0.36026740653652284,0.36706896334568007,0,0,1,1,0,0,0,0,0,0,0,0,1,0,0,0,1,0,0
-0.12979807393429085,0,1,-0.5417777379260987,-1.2903232626263657,1,0,0,0,0,0,0,1,0,0,0,0,0,0,1,1,0,0,0
-0.3068371429754082,0,2,-0.8135104439751366,-1.014091224964358,0,1,0,0,1,0,0,0,0,0,0,0,0,1,0,0,1,0,1
-1.1035129536604362,1,2,-0.7687439355650809,-1.014091224964358,0,0,1,0,0,0,0,0,1,0,0,1,0,0,0,1,0,0,0
-0.5723957465370842,1,2,-0.8927471638609351,-1.014091224964358,1,0,0,0,0,1,0,0,0,0,0,1,0,0,0,0,1,0,1
0.22428006414794385,0,3,0.12345257704732837,-0.18539511197833522,1,0,0,0,0,0,1,0,0,0,0,1,0,0,0,1,0,0,0
-0.6609152810576429,0,2,1.4530178768259816,-0.7378591873023504,0,0,1,1,0,0,0,0,0,0,0,1,0,0,0,1,0,0,1
0.9324363403124133,0,2,-0.9966054633722643,-0.9220138790770223,0,1,0,0,1,0,0,0,0,0,0,0,1,0,0,1,0,0,0
-1.1035129536604362,0,1,-0.7642672847240753,0.36706896334568007,1,0,0,0,0,0,1,0,0,0,0,1,0,0,0,0,1,0,1
1.1979949438740893,0,2,-0.27855066847497145,-0.7378591873023504,1,0,0,1,0,0,0,0,0,0,0,1,0,0,0,1,0,0,0
-0.8379543500987603,0,3,0.6758712908274153,1.4719971139937107,1,0,0,1,0,0,0,0,0,0,0,1,0,0,0,1,0,0,1
-0.6609152810576429,0,2,-0.974669874251337,-0.7378591873023504,1,0,0,1,0,0,0,0,0,0,0,1,0,0,0,1,0,0,0
-1.1035129536604362,1,2,-0.24497578716742974,0.9195330386696953,0,0,1,0,0,1,0,0,0,0,0,1,0,0,0,1,0,0,1
2.2602293581207933,0,2,-0.7674009403127793,-0.18539511197833522,0,1,0,0,1,0,0,0,0,0,0,1,0,0,0,0,1,0,0
0.1357605296273852,0,3,0.199555641344423,-0.7378591873023504,1,0,0,1,0,0,0,0,0,0,0,1,0,0,0,0,0,1,0
0.0472409951068265,1,2,-0.31615453553941825,-0.7378591873023504,1,0,0,0,0,0,1,0,0,0,0,1,0,0,0,0,0,1,0
-1.2805520227015537,0,2,-0.531481440991786,-1.2903232626263657,0,0,1,0,0,1,0,0,0,0,0,1,0,0,0,1,0,0,0
-0.9264738846193189,0,0,-0.21498222653269244,-0.18539511197833522,1,0,0,0,0,1,0,0,0,0,0,1,0,0,0,1,0,0,1
0.0472409951068265,0,2,-0.6317584198303107,-0.7378591873023504,1,0,0,0,0,0,0,1,0,0,0,1,0,0,0,1,0,0,0
-0.7494348155782016,0,2,0.401452594273774,-0.18539511197833522,1,0,0,0,0,0,1,0,0,0,0,1,0,0,0,1,0,0,0
-1.192032488180995,1,2,0.3119195774536627,-0.18539511197833522,0,0,1,0,0,1,0,0,0,0,0,1,0,0,0,1,0,0,0
0.5783582022301785,0,2,0.22059590029714915,1.4719971139937107,1,0,0,0,0,1,0,0,0,0,0,1,0,0,0,1,0,0,1
0.4013191331890612,1,2,0.02138493787240146,-0.18539511197833522,0,0,1,0,0,1,0,0,0,0,0,1,0,0,0,0,1,0,0
0.0472409951068265,0,2,0.05630281443224488,1.4719971139937107,1,0,0,0,0,0,1,0,0,0,0,1,0,0,0,1,0,0,0
-0.21831760845484952,0,2,1.3952690809770096,-0.18539511197833522,1,0,0,1,0,0,0,0,0,0,0,1,0,0,0,1,0,0,0
-1.1035129536604362,1,2,-0.36136870903357443,-0.9220138790770223,0,0,1,0,0,1,0,0,0,0,0,1,0,0,0,1,0,0,0
0.1357605296273852,1,2,2.1182481917994087,2.576925264641741,0,0,1,0,0,0,0,1,0,0,0,1,0,0,0,1,0,0,1
-0.12979807393429085,0,2,-0.28347498440007757,-0.18539511197833522,1,0,0,1,0,0,0,0,0,0,0,1,0,0,0,1,0,0,0
0.0472409951068265,0,2,-0.943333318364298,-1.1982459167390298,0,1,0,1,0,0,0,0,0,0,0,1,0,0,0,1,0,0,0
1.4635535474357653,1,1,-1.1600032190689675,-1.2903232626263657,1,0,0,0,0,0,1,0,0,0,0,0,0,0,1,1,0,0,0
0.31279959866850254,0,2,-0.3318228134829377,-0.0012404202036634658,1,0,0,0,0,1,0,0,0,0,0,1,0,0,0,1,0,0,0
-0.9264738846193189,1,2,-0.7477036766123548,0.18291427157100829,0,0,1,0,0,0,1,0,0,0,0,1,0,0,0,1,0,0,0
-0.8379543500987603,0,2,-0.7266634176596286,-0.7378591873023504,1,0,0,0,0,0,1,0,0,0,0,1,0,0,0,0,0,1,0
-0.8379543500987603,0,1,0.5903672597642089,0.9195330386696953,1,0,0,0,0,0,0,1,0,0,0,0,0,0,1,1,0,0,0
-0.9264738846193189,1,2,-0.3201835212963232,-0.18539511197833522,1,0,0,1,0,0,0,0,0,0,0,1,0,0,0,1,0,0,0
-1.2805520227015537,1,2,-0.8179870948161422,-0.18539511197833522,0,0,1,1,0,0,0,0,0,0,0,1,0,0,0,1,0,0,0
0.4013191331890612,0,3,1.9790243506441356,-0.18539511197833522,1,0,0,0,0,1,0,0,0,0,0,1,0,0,0,0,1,0,0
-0.7494348155782016,0,2,-0.28078899389547424,-0.46162714964034285,1,0,0,0,0,0,0,1,0,0,0,0,1,0,0,0,1,0,0
-0.7494348155782016,1,2,-0.6733912726516624,-1.014091224964358,1,0,0,0,0,0,0,1,0,0,0,1,0,0,0,1,0,0,0
-0.48387621201652553,0,3,-0.5073075264503559,-0.18539511197833522,1,0,0,0,0,0,1,0,0,0,0,1,0,0,0,1,0,0,0
-1.4575910917426709,1,1,-0.8820032018425218,-0.7378591873023504,0,0,1,0,0,1,0,0,0,0,0,0,0,1,0,0,1,0,0
0.31279959866850254,0,3,0.1324058787293395,1.4719971139937107,0,1,0,0,0,0,1,0,0,0,0,1,0,0,0,1,0,0,0
-0.39535667749596687,1,2,-0.44597740992857965,-1.2903232626263657,1,0,0,1,0,0,0,0,0,0,0,1,0,0,0,1,0,0,0
-0.39535667749596687,0,3,-0.24497578716742974,-1.014091224964358,1,0,0,0,0,1,0,0,0,0,0,1,0,0,0,1,0,0,0
1.7291121509974412,1,3,-0.167977392702134,-0.7378591873023504,0,1,0,0,0,1,0,0,0,0,0,1,0,0,0,1,0,0,0
0.9324363403124133,0,2,-0.270940362045262,1.4719971139937107,1,0,0,0,0,1,0,0,0,0,0,1,0,0,0,1,0,0,0
0.9324363403124133,0,2,-0.7745635816583882,-0.7378591873023504,0,0,1,0,0,0,1,0,0,0,0,1,0,0,0,0,1,0,1
0.6668777367507372,1,1,-0.6433977120169251,0.36706896334568007,1,0,0,1,0,0,0,0,0,0,0,0,0,1,0,1,0,0,0
0.31279959866850254,0,2,-0.662647310633249,-0.18539511197833522,1,0,0,1,0,0,0,0,0,0,0,1,0,0,0,1,0,0,0
-0.6609152810576429,0,2,-0.4773139658156186,-0.18539511197833522,1,0,0,0,0,0,0,1,0,0,0,1,0,0,0,0,1,0,0
-0.7494348155782016,0,2,2.5493496677882446,0.36706896334568007,1,0,0,0,0,0,0,1,0,0,0,1,0,0,0,1,0,0,1
-0.7494348155782016,0,1,-0.9630305820647225,-0.5537044955276788,1,0,0,0,0,0,1,0,0,0,0,1,0,0,0,1,0,0,0
0.6668777367507372,0,2,-0.024276900705855316,-0.18539511197833522,1,0,0,0,0,0,1,0,0,0,0,1,0,0,0,0,1,0,0
-1.192032488180995,0,2,-0.409268873032334,0.36706896334568007,1,0,0,1,0,0,0,0,0,0,0,1,0,0,0,0,1,0,1
0.6668777367507372,0,2,-0.33853778974444604,0.36706896334568007,1,0,0,0,0,0,1,0,0,0,0,1,0,0,0,1,0,0,0
-0.7494348155782016,0,2,-0.8506666459554828,-0.46162714964034285,1,0,0,1,0,0,0,0,0,0,0,1,0,0,0,1,0,0,0
-0.8379543500987603,0,3,0.1261385675519317,0.36706896334568007,1,0,0,1,0,0,0,0,0,0,0,0,1,0,0,1,0,0,0
-0.6609152810576429,0,2,-0.9017004655429463,-0.7378591873023504,1,0,0,0,0,0,1,0,0,0,0,0,1,0,0,0,0,1,1
-1.3690715572221124,1,2,-0.4415007590875741,0.36706896334568007,1,0,0,1,0,0,0,0,0,0,0,1,0,0,0,0,1,0,0
-0.04127853941373217,0,3,1.9248568754679682,1.195765076331703,1,0,0,0,0,0,1,0,0,0,0,1,0,0,0,1,0,0,0
0.5783582022301785,0,3,-0.2960096067548932,-0.7378591873023504,1,0,0,0,0,0,0,1,0,0,0,1,0,0,0,1,0,0,1
0.4013191331890612,0,1,-0.60713684020478,-0.9220138790770223,0,0,1,0,0,0,1,0,0,0,0,0,1,0,0,1,0,0,0
-0.04127853941373217,1,2,-0.7038324983705002,0.36706896334568007,1,0,0,0,0,0,1,0,0,0,0,1,0,0,0,1,0,0,1
-0.04127853941373217,0,2,1.2932014418020827,1.4719971139937107,1,0,0,0,0,0,1,0,0,0,0,1,0,0,0,1,0,0,0
-0.21831760845484952,0,1,-0.16752972761803342,-0.7378591873023504,1,0,0,0,0,0,1,0,0,0,0,1,0,0,0,1,0,0,1
-1.1035129536604362,1,2,2.470112947902446,-0.18539511197833522,0,0,1,0,1,0,0,0,0,0,0,1,0,0,0,1,0,0,0
-0.39535667749596687,1,3,-0.07665371554562043,0.09083692568367241,1,0,0,0,0,0,1,0,0,0,0,0,1,0,0,1,0,0,0
-0.21831760845484952,1,2,-0.8555909618805889,-0.18539511197833522,1,0,0,0,0,0,1,0,0,0,0,1,0,0,0,0,1,0,1
-1.3690715572221124,1,2,0.10420297843100443,-0.46162714964034285,0,0,1,0,0,0,1,0,0,0,0,0,0,1,0,1,0,0,0
-0.48387621201652553,0,2,-0.4141931889574401,-0.7378591873023504,1,0,0,0,0,0,1,0,0,0,0,1,0,0,0,0,1,0,0
1.020955874832972,0,1,-0.8931948289450357,-0.7378591873023504,1,0,0,0,0,0,1,0,0,0,0,1,0,0,0,0,1,0,0
-0.12979807393429085,0,3,-0.6098228307093834,0.09083692568367241,1,0,0,0,0,1,0,0,0,0,0,0,0,0,1,1,0,0,0
-0.9264738846193189,1,2,-0.08560701722763157,-0.7378591873023504,1,0,0,0,0,1,0,0,0,0,0,1,0,0,0,0,1,0,1
-1.2805520227015537,0,2,-0.07799671079792211,-0.18539511197833522,0,0,1,0,0,0,1,0,0,0,0,1,0,0,0,0,1,0,0
-0.5723957465370842,0,2,-0.09411265382554214,0.7353783468950236,1,0,0,1,0,0,0,0,0,0,0,1,0,0,0,1,0,0,0
0.9324363403124133,0,2,-0.8076907978818294,-0.18539511197833522,1,0,0,1,0,0,0,0,0,0,0,0,0,1,0,1,0,0,0
-1.3690715572221124,0,2,-0.7342737240893381,-1.014091224964358,1,0,0,0,0,1,0,0,0,0,0,1,0,0,0,1,0,0,0
1.7291121509974412,1,0,-0.7893365294337066,-0.18539511197833522,0,1,0,0,0,0,0,0,0,1,0,1,0,0,0,1,0,0,1
3.410983306888056,0,1,0.22149123046535027,-1.3824006085137017,1,0,0,0,0,0,0,1,0,0,0,1,0,0,0,1,0,0,0
-0.5723957465370842,0,3,3.749092093177736,0.36706896334568007,1,0,0,0,0,0,0,0,0,0,1,1,0,0,0,0,1,0,1
0.0472409951068265,0,3,-0.48402894207712693,-1.2903232626263657,0,1,0,0,0,1,0,0,0,0,0,1,0,0,0,1,0,0,0
-0.21831760845484952,0,2,-0.4007632364344234,0.36706896334568007,1,0,0,0,0,0,0,0,0,1,0,1,0,0,0,1,0,0,0
-0.9264738846193189,0,2,-0.36584535987458,-1.014091224964358,1,0,0,0,0,1,0,0,0,0,0,1,0,0,0,1,0,0,0
-0.9264738846193189,0,2,-0.6577229947081429,-0.7378591873023504,1,0,0,1,0,0,0,0,0,0,0,1,0,0,0,0,1,0,1
-1.1035129536604362,0,1,-1.0265990240070015,-1.2903232626263657,0,0,1,0,0,0,0,0,0,1,0,0,1,0,0,1,0,0,0
0.1357605296273852,1,2,-0.7459130162759525,0.36706896334568007,1,0,0,0,0,0,1,0,0,0,0,0,0,1,0,1,0,0,0
2.614307496203028,0,0,0.1973173159239202,2.024461189317726,1,0,0,0,0,0,0,0,0,1,0,1,0,0,0,1,0,0,0
-0.8379543500987603,1,0,-1.04942994329613,-0.7378591873023504,1,0,0,0,0,0,0,1,0,0,0,1,0,0,0,0,0,1,1
0.31279959866850254,0,3,-0.4786569610679203,-0.7378591873023504,1,0,0,0,0,0,1,0,0,0,0,1,0,0,0,1,0,0,0
-0.48387621201652553,1,2,-0.5968405432704672,-0.7378591873023504,1,0,0,0,0,1,0,0,0,0,0,1,0,0,0,1,0,0,0
-0.5723957465370842,0,2,-0.1451464734130056,-0.0012404202036634658,1,0,0,0,0,0,0,0,0,0,1,1,0,0,0,0,1,0,0
0.48983866770961987,0,1,-1.0001867840450687,-0.7378591873023504,1,0,0,0,1,0,0,0,0,0,0,1,0,0,0,1,0,0,1
-0.48387621201652553,1,3,0.9592432890630676,2.576925264641741,1,0,0,0,0,1,0,0,0,0,0,1,0,0,0,0,1,0,1
0.48983866770961987,1,1,-0.7651626148922765,-1.014091224964358,0,0,1,0,1,0,0,0,0,0,0,1,0,0,0,1,0,0,0
-0.12979807393429085,1,2,-0.49745889460014364,1.4719971139937107,1,0,0,0,0,0,1,0,0,0,0,1,0,0,0,1,0,0,1
-0.04127853941373217,0,2,-0.1688727228703351,-1.1982459167390298,1,0,0,1,0,0,0,0,0,0,0,1,0,0,0,0,1,0,0
1.7291121509974412,1,3,-0.6845828997541763,-0.7378591873023504,1,0,0,0,0,1,0,0,0,0,0,1,0,0,0,0,0,1,0
2.2602293581207933,0,2,-0.6451883723533274,-0.46162714964034285,1,0,0,0,0,0,0,0,0,1,0,0,0,1,0,0,1,0,1
-0.48387621201652553,0,3,3.626431860134184,1.4719971139937107,1,0,0,0,0,0,1,0,0,0,0,1,0,0,0,1,0,0,0
-0.5723957465370842,1,2,-1.0901674659492806,-1.2903232626263657,1,0,0,1,0,0,0,0,0,0,0,1,0,0,0,1,0,0,0
-0.12979807393429085,0,2,-0.08695001247993324,-0.7378591873023504,1,0,0,0,0,1,0,0,0,0,0,1,0,0,0,1,0,0,0
-0.04127853941373217,0,3,-0.12679220496488278,0.36706896334568007,1,0,0,0,0,0,1,0,0,0,0,1,0,0,0,1,0,0,0
-0.39535667749596687,0,2,0.8343447305990123,0.36706896334568007,1,0,0,0,0,0,1,0,0,0,0,1,0,0,0,1,0,0,1
-0.5723957465370842,1,3,-0.12276321920797777,0.36706896334568007,1,0,0,0,0,0,1,0,0,0,0,1,0,0,0,1,0,0,0
0.0472409951068265,0,2,0.42607417389930463,-0.8299365331896864,0,0,1,0,0,0,1,0,0,0,0,1,0,0,0,1,0,0,0
-0.04127853941373217,0,2,0.19373599525111576,-0.7378591873023504,0,1,0,0,0,0,1,0,0,0,0,1,0,0,0,1,0,0,1
-0.7494348155782016,1,2,-1.1685088556668781,-1.2903232626263657,1,0,0,0,0,0,0,0,1,0,0,1,0,0,0,1,0,0,0
-0.3068371429754082,0,2,0.7345154168445881,-0.18539511197833522,1,0,0,1,0,0,0,0,0,0,0,1,0,0,0,1,0,0,0
0.1357605296273852,0,2,0.298489624930646,1.4719971139937107,1,0,0,0,0,1,0,0,0,0,0,1,0,0,0,1,0,0,0
0.0472409951068265,0,2,-0.551626369776311,-0.46162714964034285,1,0,0,0,0,0,1,0,0,0,0,1,0,0,0,1,0,0,0
-0.12979807393429085,1,3,0.028547579218010367,-0.7378591873023504,0,0,1,0,0,1,0,0,0,0,0,1,0,0,0,0,1,0,0
0.22428006414794385,0,2,-0.9845185061015492,-0.7378591873023504,1,0,0,0,1,0,0,0,0,0,0,1,0,0,0,0,1,0,0
-0.12979807393429085,0,2,-0.4491110655172835,-0.18539511197833522,1,0,0,0,0,0,0,1,0,0,0,1,0,0,0,1,0,0,0
2.4372684271619107,0,2,-0.013085273603341399,0.36706896334568007,1,0,0,0,0,0,1,0,0,0,0,1,0,0,0,1,0,0,0
-0.5723957465370842,1,1,-0.5793816049905455,0.36706896334568007,0,0,1,1,0,0,0,0,0,0,0,1,0,0,0,1,0,0,1
-0.3068371429754082,0,2,1.9181418992064598,2.576925264641741,1,0,0,1,0,0,0,0,0,0,0,1,0,0,0,1,0,0,0
-0.8379543500987603,1,2,-0.08471168705943045,1.195765076331703,1,0,0,0,0,0,0,1,0,0,0,1,0,0,0,1,0,0,0
-0.04127853941373217,0,1,0.7725669489931355,0.36706896334568007,1,0,0,0,0,0,1,0,0,0,0,1,0,0,0,1,0,0,0
-1.192032488180995,0,2,0.06212246052555211,0.36706896334568007,0,0,1,1,0,0,0,0,0,0,0,0,0,0,1,0,1,0,1
-1.1035129536604362,1,2,-1.1215040218363195,-1.2903232626263657,1,0,0,0,1,0,0,0,0,0,0,1,0,0,0,1,0,0,1
-0.6609152810576429,0,1,-1.0292850145116048,-1.014091224964358,1,0,0,0,0,0,1,0,0,0,0,1,0,0,0,1,0,0,1
0.0472409951068265,0,3,-0.7678486053968798,-1.2903232626263657,1,0,0,0,1,0,0,0,0,0,0,1,0,0,0,1,0,0,0
-0.21831760845484952,0,2,-0.764714949808176,-0.18539511197833522,1,0,0,1,0,0,0,0,0,0,0,1,0,0,0,0,1,0,1
-0.8379543500987603,1,2,0.07197109237576435,-0.18539511197833522,0,0,1,0,0,1,0,0,0,0,0,1,0,0,0,1,0,0,1
-1.0149934191398775,0,2,-0.172006378459039,1.7482291516557182,1,0,0,0,0,0,1,0,0,0,0,0,1,0,0,1,0,0,0
-0.9264738846193189,0,2,0.9843125337726988,0.36706896334568007,1,0,0,1,0,0,0,0,0,0,0,1,0,0,0,0,0,1,0
0.31279959866850254,0,1,-0.8578292873010918,-0.7378591873023504,1,0,0,0,0,0,0,1,0,0,0,0,0,0,1,0,1,0,0
0.7553972712712959,0,2,-0.6604089852127463,-0.46162714964034285,1,0,0,0,0,1,0,0,0,0,0,1,0,0,0,1,0,0,0
-1.1035129536604362,1,1,0.27744936597791986,-0.7378591873023504,1,0,0,1,0,0,0,0,0,0,0,1,0,0,0,0,1,0,0
-0.8379543500987603,0,2,-0.7844122135086005,0.36706896334568007,1,0,0,0,0,0,1,0,0,0,0,1,0,0,0,0,1,0,0
1.9061512200385586,1,2,0.2993849550988471,0.9195330386696953,0,0,1,0,0,1,0,0,0,0,0,0,0,1,0,1,0,0,0
-0.48387621201652553,1,2,-0.8922994987768346,-0.46162714964034285,1,0,0,0,0,1,0,0,0,0,0,0,0,1,0,1,0,0,0
0.7553972712712959,0,2,-0.8014234867044215,-0.7378591873023504,1,0,0,0,0,0,1,0,0,0,0,0,1,0,0,1,0,0,0
1.020955874832972,0,3,-0.780830892835796,-1.2903232626263657,1,0,0,0,0,0,1,0,0,0,0,1,0,0,0,0,1,0,1
1.4635535474357653,0,2,0.05540748426404376,-0.7378591873023504,1,0,0,1,0,0,0,0,0,0,0,1,0,0,0,1,0,0,0
2.348748892641352,1,2,0.35981974145242224,0.36706896334568007,0,1,0,0,0,0,1,0,0,0,0,1,0,0,0,1,0,0,0
-0.04127853941373217,0,1,-0.6872688902587797,-0.9220138790770223,0,0,1,0,0,0,1,0,0,0,0,0,0,0,1,1,0,0,0
-0.8379543500987603,0,2,0.2528277863523892,-1.2903232626263657,0,0,1,0,0,0,1,0,0,0,0,1,0,0,0,1,0,0,0
-0.8379543500987603,0,2,-0.4562737068628924,-0.7378591873023504,1,0,0,1,0,0,0,0,0,0,0,1,0,0,0,1,0,0,0
0.5783582022301785,1,3,2.401620190035061,0.6433010010076877,0,1,0,0,0,0,0,1,0,0,0,1,0,0,0,0,1,0,1
-0.7494348155782016,1,2,-0.7682962704809804,-1.2903232626263657,1,0,0,1,0,0,0,0,0,0,0,0,0,0,1,1,0,0,0
0.22428006414794385,0,2,-1.157317228564364,-1.2903232626263657,1,0,0,1,0,0,0,0,0,0,0,1,0,0,0,0,1,0,0
0.31279959866850254,0,1,-0.3721126710519878,-0.7378591873023504,0,0,1,0,0,0,1,0,0,0,0,1,0,0,0,1,0,0,0
-1.3690715572221124,0,2,0.019146612451898675,0.36706896334568007,1,0,0,0,0,1,0,0,0,0,0,1,0,0,0,1,0,0,1
-0.5723957465370842,0,3,2.7221483902510597,1.4719971139937107,0,0,1,0,0,1,0,0,0,0,0,0,0,0,1,0,1,0,1
0.4013191331890612,0,2,-0.6125088212139868,0.36706896334568007,1,0,0,0,0,1,0,0,0,0,0,1,0,0,0,1,0,0,0
-0.3068371429754082,0,1,-0.7396457050985448,-0.18539511197833522,1,0,0,1,0,0,0,0,0,0,0,1,0,0,0,0,1,0,0
-0.6609152810576429,0,2,-0.7297970732483325,-1.2903232626263657,1,0,0,0,0,0,1,0,0,0,0,0,0,0,1,0,0,1,0
-0.7494348155782016,1,2,0.07600007813266936,0.36706896334568007,1,0,0,0,0,0,1,0,0,0,0,1,0,0,0,1,0,0,1
0.5783582022301785,0,2,1.1369663274509885,1.4719971139937107,0,1,0,0,0,0,1,0,0,0,0,1,0,0,0,1,0,0,0
1.1979949438740893,0,2,-0.8179870948161422,-1.014091224964358,1,0,0,1,0,0,0,0,0,0,0,0,0,0,1,0,0,1,0
0.22428006414794385,0,2,-0.777697237247092,0.36706896334568007,1,0,0,1,0,0,0,0,0,0,0,0,0,0,1,0,1,0,1
-1.0149934191398775,1,2,-0.7817262230039971,0.36706896334568007,0,0,1,0,0,0,1,0,0,0,0,1,0,0,0,1,0,0,1
-0.7494348155782016,0,1,-0.7360643844257403,-0.9220138790770223,1,0,0,0,0,0,1,0,0,0,0,1,0,0,0,1,0,0,1
0.0472409951068265,0,2,-0.26556838103605535,-0.46162714964034285,1,0,0,0,0,0,1,0,0,0,0,0,1,0,0,0,0,1,0
-0.12979807393429085,0,3,1.7444478465754438,-0.46162714964034285,1,0,0,0,0,0,1,0,0,0,0,0,0,0,1,0,1,0,1
-0.6609152810576429,0,2,-0.6895072156792824,0.36706896334568007,1,0,0,1,0,0,0,0,0,0,0,1,0,0,0,1,0,0,0
0.8439168057918546,0,3,2.5224897627422114,1.7482291516557182,1,0,0,0,0,0,1,0,0,0,0,0,0,0,1,1,0,0,0
-0.8379543500987603,0,2,-0.9822801806810465,-0.7378591873023504,1,0,0,0,0,0,1,0,0,0,0,1,0,0,0,1,0,0,1
-0.3068371429754082,0,3,0.7757006045818393,1.4719971139937107,0,1,0,0,0,0,1,0,0,0,0,1,0,0,0,1,0,0,0
-0.8379543500987603,0,2,-0.11918189853517332,-0.46162714964034285,0,0,1,0,0,0,0,1,0,0,0,1,0,0,0,0,0,1,0
-1.3690715572221124,0,2,-1.0601739053145434,-0.7378591873023504,0,0,1,1,0,0,0,0,0,0,0,1,0,0,0,0,1,0,0
1.6405926164768827,0,2,-0.31257321486661377,0.36706896334568007,1,0,0,0,0,0,1,0,0,0,0,1,0,0,0,1,0,0,0
0.1357605296273852,1,2,-1.04942994329613,-1.2903232626263657,1,0,0,0,0,0,1,0,0,0,0,1,0,0,0,1,0,0,0
0.4013191331890612,0,1,-0.7127858000525114,-1.2903232626263657,1,0,0,0,0,0,1,0,0,0,0,1,0,0,0,1,0,0,0
-1.1035129536604362,1,2,1.8684510748712981,1.4719971139937107,0,0,1,0,0,1,0,0,0,0,0,1,0,0,0,1,0,0,1
0.6668777367507372,0,2,-0.7835168833403994,-1.2903232626263657,1,0,0,0,0,0,1,0,0,0,0,0,0,0,1,1,0,0,0
0.0472409951068265,0,2,-1.0086924206429793,-1.2903232626263657,0,1,0,1,0,0,0,0,0,0,0,1,0,0,0,1,0,0,0
0.7553972712712959,0,2,1.1432336386283963,0.36706896334568007,0,1,0,0,0,0,0,0,0,1,0,1,0,0,0,1,0,0,0
-1.0149934191398775,1,2,0.10599363876740665,-0.18539511197833522,1,0,0,1,0,0,0,0,0,0,0,1,0,0,0,1,0,0,1
1.552073081956324,0,2,1.8648697541984935,2.576925264641741,0,1,0,0,0,1,0,0,0,0,0,1,0,0,0,1,0,0,1
-1.1035129536604362,1,2,0.23939783382937252,0.36706896334568007,1,0,0,0,0,0,1,0,0,0,0,0,0,0,1,1,0,0,0
-0.8379543500987603,1,1,-0.8238067409094494,-0.18539511197833522,1,0,0,1,0,0,0,0,0,0,0,1,0,0,0,0,1,0,0
-0.48387621201652553,0,2,2.244042080431665,0.5512236551203518,1,0,0,0,0,0,1,0,0,0,0,1,0,0,0,0,1,0,0
-0.39535667749596687,1,2,-0.6362350706713162,-0.46162714964034285,1,0,0,0,1,0,0,0,0,0,0,0,0,0,1,1,0,0,0
0.5783582022301785,0,1,-0.6492173581102323,-1.4744779544010376,1,0,0,1,0,0,0,0,0,0,0,1,0,0,0,1,0,0,0
-0.39535667749596687,0,2,-0.2915329559138876,1.4719971139937107,0,0,1,1,0,0,0,0,0,0,0,1,0,0,0,1,0,0,1
0.48983866770961987,0,1,-1.0257036938388004,-1.2903232626263657,1,0,0,0,0,0,1,0,0,0,0,1,0,0,0,1,0,0,0
-0.3068371429754082,0,2,-0.3045152433528038,1.4719971139937107,1,0,0,0,1,0,0,0,0,0,0,1,0,0,0,0,1,0,0
-0.6609152810576429,1,2,-0.14425114324480448,-0.46162714964034285,0,0,1,0,0,0,1,0,0,0,0,0,0,0,1,0,1,0,1
0.48983866770961987,0,2,-0.6492173581102323,-0.7378591873023504,0,0,1,0,0,0,1,0,0,0,0,1,0,0,0,1,0,0,0
-0.8379543500987603,0,2,-0.7351690542575392,0.36706896334568007,1,0,0,1,0,0,0,0,0,0,0,0,0,0,1,1,0,0,0
-0.9264738846193189,0,2,0.06794210661885934,0.36706896334568007,1,0,0,1,0,0,0,0,0,0,0,1,0,0,0,1,0,0,0
-0.21831760845484952,0,2,-0.28392264948417817,0.09083692568367241,0,0,1,0,1,0,0,0,0,0,0,1,0,0,0,0,0,1,1
3.499502841408615,1,3,-0.7069661539592041,-1.2903232626263657,1,0,0,0,0,0,1,0,0,0,0,1,0,0,0,1,0,0,0
0.1357605296273852,1,2,0.29490830425784154,-0.18539511197833522,1,0,0,0,0,1,0,0,0,0,0,1,0,0,0,0,1,0,0
0.5783582022301785,0,3,2.153166068359252,2.576925264641741,0,1,0,0,0,0,1,0,0,0,0,1,0,0,0,1,0,0,1
0.8439168057918546,1,1,0.04287286190922818,-0.18539511197833522,1,0,0,0,0,1,0,0,0,0,0,1,0,0,0,0,0,1,0
-1.1035129536604362,0,2,-0.635339740503115,-0.7378591873023504,0,0,1,1,0,0,0,0,0,0,0,1,0,0,0,0,1,0,1
2.1717098236002346,0,2,-0.4124025286210379,0.36706896334568007,0,1,0,0,0,0,1,0,0,0,0,1,0,0,0,1,0,0,0
-0.39535667749596687,0,2,1.5206153045251656,0.9195330386696953,1,0,0,0,0,1,0,0,0,0,0,1,0,0,0,1,0,0,1
-0.12979807393429085,0,1,-0.039945178649374795,-0.18539511197833522,1,0,0,0,0,1,0,0,0,0,0,1,0,0,0,0,0,1,1
2.2602293581207933,0,1,-0.7602382989671704,-0.7378591873023504,1,0,0,0,0,0,1,0,0,0,0,1,0,0,0,1,0,0,0
0.6668777367507372,0,2,-0.725320422407327,0.36706896334568007,0,1,0,0,0,0,1,0,0,0,0,1,0,0,0,1,0,0,1
0.1357605296273852,1,2,-0.41687917946204345,0.36706896334568007,1,0,0,0,0,0,1,0,0,0,0,1,0,0,0,1,0,0,0
-0.3068371429754082,0,2,-0.6272817689893051,0.36706896334568007,1,0,0,1,0,0,0,0,0,0,0,1,0,0,0,1,0,0,0
-1.0149934191398775,1,1,-1.0418196368664205,-0.7378591873023504,1,0,0,1,0,0,0,0,0,0,0,1,0,0,0,1,0,0,1
-0.04127853941373217,0,2,2.6433593354493614,2.576925264641741,0,1,0,0,0,0,1,0,0,0,0,1,0,0,0,1,0,0,0
-1.1035129536604362,1,2,-0.8761835557492146,-0.7378591873023504,1,0,0,0,0,0,0,0,0,1,0,1,0,0,0,1,0,0,0
0.8439168057918546,0,1,-0.5386440823373949,-1.2903232626263657,1,0,0,1,0,0,0,0,0,0,0,0,1,0,0,1,0,0,0
-0.12979807393429085,0,2,1.8111499441064267,2.576925264641741,1,0,0,1,0,0,0,0,0,0,0,1,0,0,0,1,0,0,1
-0.7494348155782016,0,2,-0.4289661367327585,-0.7378591873023504,1,0,0,0,0,0,1,0,0,0,0,0,0,0,1,0,1,0,0
2.7913465652441456,1,3,-0.7853075436768016,-1.014091224964358,1,0,0,0,1,0,0,0,0,0,0,1,0,0,0,0,1,0,0
-1.192032488180995,0,2,-0.7262157525755281,-0.7378591873023504,1,0,0,1,0,0,0,0,0,0,0,1,0,0,0,0,1,0,1
-0.6609152810576429,1,2,-0.302276917932301,-0.18539511197833522,1,0,0,0,0,0,1,0,0,0,0,0,0,0,1,0,1,0,1
-0.5723957465370842,1,2,0.9176104362417158,0.09083692568367241,1,0,0,0,0,0,1,0,0,0,0,1,0,0,0,1,0,0,1
-0.7494348155782016,0,2,0.2680483992118082,0.36706896334568007,1,0,0,0,0,1,0,0,0,0,0,1,0,0,0,1,0,0,1
-0.39535667749596687,0,1,-0.45895969736749576,-0.18539511197833522,1,0,0,0,0,1,0,0,0,0,0,1,0,0,0,0,1,0,1
1.1979949438740893,0,2,0.004821329760680865,0.36706896334568007,0,1,0,0,0,0,1,0,0,0,0,1,0,0,0,1,0,0,0
-1.0149934191398775,0,1,-0.6299677594939084,0.36706896334568007,0,0,1,1,0,0,0,0,0,0,0,1,0,0,0,1,0,0,1
-0.5723957465370842,1,2,-1.0163027270726888,-1.2903232626263657,1,0,0,1,0,0,0,0,0,0,0,1,0,0,0,0,0,1,0
0.1357605296273852,0,3,0.7873398967684538,0.36706896334568007,1,0,0,0,0,0,0,1,0,0,0,1,0,0,0,0,1,0,0
-1.1035129536604362,1,2,-0.6268341039052046,0.36706896334568007,0,0,1,1,0,0,0,0,0,0,0,0,0,0,1,0,1,0,0
0.0472409951068265,0,2,-0.7078614841274052,-0.7378591873023504,1,0,0,0,0,0,1,0,0,0,0,1,0,0,0,1,0,0,1
-0.12979807393429085,0,2,-0.167977392702134,0.36706896334568007,1,0,0,1,0,0,0,0,0,0,0,0,0,1,0,1,0,0,0
0.48983866770961987,0,2,0.4592013901227458,2.576925264641741,1,0,0,1,0,0,0,0,0,0,0,1,0,0,0,0,1,0,0
-0.39535667749596687,1,2,1.7032626588381927,2.576925264641741,1,0,0,1,0,0,0,0,0,0,0,1,0,0,0,1,0,0,1
-1.1035129536604362,1,1,0.12569090246783116,0.36706896334568007,0,0,1,0,0,1,0,0,0,0,0,1,0,0,0,1,0,0,1
0.22428006414794385,0,2,1.3433399312213452,0.9195330386696953,1,0,0,1,0,0,0,0,0,0,0,1,0,0,0,1,0,0,0
-0.8379543500987603,1,3,1.110106422404955,0.36706896334568007,0,0,1,0,0,0,1,0,0,0,0,1,0,0,0,1,0,0,0
-1.192032488180995,1,1,-0.9612399217283203,-0.46162714964034285,1,0,0,0,0,0,0,1,0,0,0,1,0,0,0,1,0,0,0
-0.7494348155782016,0,1,-0.8376843585165666,-1.014091224964358,1,0,0,1,0,0,0,0,0,0,0,1,0,0,0,0,1,0,0
-1.0149934191398775,1,2,-0.0739677250410171,-0.46162714964034285,1,0,0,0,0,1,0,0,0,0,0,1,0,0,0,1,0,0,0
-0.7494348155782016,1,2,-0.01039928309873806,-0.7378591873023504,1,0,0,1,0,0,0,0,0,0,0,1,0,0,0,0,1,0,0
-0.21831760845484952,1,2,-0.45940736245159636,0.36706896334568007,1,0,0,0,1,0,0,0,0,0,0,1,0,0,0,1,0,0,0
-0.7494348155782016,0,2,-0.059642442349799284,1.4719971139937107,1,0,0,0,0,0,1,0,0,0,0,1,0,0,0,0,1,0,1
-0.7494348155782016,0,1,-0.9025957957111473,0.36706896334568007,1,0,0,0,1,0,0,0,0,0,0,1,0,0,0,1,0,0,0
-0.48387621201652553,0,2,-0.8493236507031812,-0.18539511197833522,1,0,0,0,0,0,1,0,0,0,0,1,0,0,0,0,1,0,1
1.1979949438740893,0,1,0.07644774321676992,-0.7378591873023504,1,0,0,0,0,0,1,0,0,0,0,1,0,0,0,0,1,0,0
-0.8379543500987603,1,2,-0.7006988427817964,-1.014091224964358,0,0,1,0,0,1,0,0,0,0,0,1,0,0,0,1,0,0,0
-0.21831760845484952,0,1,-0.25482441901764197,1.4719971139937107,0,0,1,0,0,0,0,0,0,1,0,1,0,0,0,0,1,0,1
1.4635535474357653,1,3,-0.3671883551268817,-0.7378591873023504,0,1,0,0,0,0,1,0,0,0,0,1,0,0,0,1,0,0,0
-1.3690715572221124,1,2,-0.409268873032334,-0.18539511197833522,0,0,1,0,0,1,0,0,0,0,0,1,0,0,0,1,0,0,1
0.0472409951068265,0,2,-0.06904340911591098,-1.014091224964358,0,0,1,0,0,0,1,0,0,0,0,1,0,0,0,1,0,0,0
-1.2805520227015537,0,1,-0.7450176861077514,-0.7378591873023504,1,0,0,0,0,1,0,0,0,0,0,1,0,0,0,1,0,0,0
1.020955874832972,0,1,-0.7772495721629915,-0.18539511197833522,1,0,0,0,0,0,0,0,1,0,0,1,0,0,0,1,0,0,1
2.1717098236002346,0,2,-0.3166022006235188,-0.7378591873023504,1,0,0,0,0,1,0,0,0,0,0,1,0,0,0,1,0,0,1
1.9946707545591174,1,1,-1.1497069221346545,-0.7378591873023504,1,0,0,1,0,0,0,0,0,0,0,1,0,0,0,1,0,0,0
0.5783582022301785,1,2,-0.44239608925577517,0.36706896334568007,0,0,1,0,0,0,1,0,0,0,0,1,0,0,0,0,1,0,0
0.0472409951068265,1,1,-0.618328467307294,0.09083692568367241,1,0,0,0,0,0,0,1,0,0,0,0,0,1,0,1,0,0,0
-1.3690715572221124,1,1,-0.10530428092805606,0.36706896334568007,0,0,1,0,0,0,1,0,0,0,0,1,0,0,0,0,1,0,1
0.4013191331890612,0,3,-0.7141287953048131,0.36706896334568007,1,0,0,0,0,0,0,0,0,0,1,1,0,0,0,1,0,0,1
-0.3068371429754082,1,1,-0.9052817862157507,-1.2903232626263657,1,0,0,0,0,0,1,0,0,0,0,0,0,0,1,0,1,0,1
-1.1035129536604362,1,2,-0.6765249282403663,0.36706896334568007,0,0,1,0,0,0,1,0,0,0,0,1,0,0,0,1,0,0,1
0.0472409951068265,0,1,0.5764896421570916,0.36706896334568007,1,0,0,0,0,0,0,1,0,0,0,1,0,0,0,0,1,0,1
-0.39535667749596687,0,2,-0.07978737113432434,-0.18539511197833522,1,0,0,0,0,0,1,0,0,0,0,1,0,0,0,1,0,0,1
-0.3068371429754082,0,2,0.40727224036708126,0.36706896334568007,0,1,0,0,0,0,0,1,0,0,0,1,0,0,0,1,0,0,0
0.8439168057918546,1,2,-0.2794459986431726,-1.1982459167390298,1,0,0,1,0,0,0,0,0,0,0,1,0,0,0,0,1,0,0
-0.48387621201652553,1,2,-0.9111014323090579,-1.014091224964358,1,0,0,0,0,1,0,0,0,0,0,1,0,0,0,0,1,0,1
-0.12979807393429085,1,1,-0.4996972200206464,0.36706896334568007,0,1,0,0,1,0,0,0,0,0,0,1,0,0,0,0,1,0,1
-0.6609152810576429,1,3,0.17717238713939515,1.4719971139937107,1,0,0,0,0,1,0,0,0,0,0,1,0,0,0,1,0,0,1
-1.1035129536604362,1,2,-0.7512849972851593,-0.9220138790770223,1,0,0,0,0,1,0,0,0,0,0,1,0,0,0,0,0,1,0
-1.192032488180995,0,2,-0.056061121676994834,0.36706896334568007,1,0,0,0,0,1,0,0,0,0,0,0,1,0,0,1,0,0,0
3.410983306888056,0,3,0.7040741911257503,0.36706896334568007,1,0,0,0,0,0,0,1,0,0,0,1,0,0,0,1,0,0,0
1.2865144783946478,1,2,-0.12634453988078223,1.4719971139937107,0,1,0,1,0,0,0,0,0,0,0,0,0,0,1,0,1,0,1
-0.21831760845484952,0,2,-0.40389689202312734,-0.18539511197833522,1,0,0,1,0,0,0,0,0,0,0,1,0,0,0,1,0,0,0
0.8439168057918546,0,2,-0.7400933701826453,-0.46162714964034285,0,1,0,0,0,0,1,0,0,0,0,1,0,0,0,1,0,0,0
-1.192032488180995,1,2,-0.9903381521948564,-0.7378591873023504,1,0,0,0,0,0,0,0,1,0,0,0,0,0,1,1,0,0,1
1.1094754093535306,1,1,-0.7669532752286787,-0.9220138790770223,0,1,0,0,0,0,1,0,0,0,0,0,0,0,1,0,0,1,1
-0.5723957465370842,1,2,0.18075370781219963,0.09083692568367241,1,0,0,1,0,0,0,0,0,0,0,0,0,1,0,1,0,0,0
-1.192032488180995,1,2,0.3038616059398527,0.36706896334568007,0,0,1,0,0,0,1,0,0,0,0,1,0,0,0,1,0,0,0
-1.192032488180995,1,2,-0.5126795074595626,-0.18539511197833522,1,0,0,0,0,1,0,0,0,0,0,1,0,0,0,1,0,0,1
0.1357605296273852,0,2,0.3235588696402772,-1.2903232626263657,0,0,1,0,0,0,1,0,0,0,0,1,0,0,0,1,0,0,0
-1.2805520227015537,1,2,0.21835757487664637,0.9195330386696953,0,0,1,0,0,1,0,0,0,0,0,0,0,0,1,0,1,0,1
1.1979949438740893,0,1,-1.0355523256890127,-0.7378591873023504,1,0,0,0,0,0,1,0,0,0,0,1,0,0,0,1,0,0,0
-0.7494348155782016,0,2,0.3128149076218638,0.09083692568367241,1,0,0,0,0,0,0,1,0,0,0,1,0,0,0,0,1,0,0
-0.3068371429754082,0,2,-0.6371304008395173,-0.18539511197833522,1,0,0,0,0,0,1,0,0,0,0,1,0,0,0,1,0,0,1
0.22428006414794385,0,2,0.43010315965620965,2.576925264641741,1,0,0,0,0,0,0,1,0,0,0,1,0,0,0,1,0,0,1
-1.192032488180995,1,2,-0.49029625325453474,-0.7378591873023504,0,0,1,0,0,1,0,0,0,0,0,1,0,0,0,1,0,0,0
2.614307496203028,0,2,-0.15812876085192173,-0.18539511197833522,0,1,0,1,0,0,0,0,0,0,0,1,0,0,0,1,0,0,1
-0.04127853941373217,0,2,-0.4361287780783674,-0.46162714964034285,1,0,0,1,0,0,0,0,0,0,0,1,0,0,0,1,0,0,0
0.48983866770961987,0,2,-0.37479866155659114,-1.2903232626263657,1,0,0,0,0,1,0,0,0,0,0,1,0,0,0,0,0,1,0
-0.5723957465370842,0,2,-0.6787632536608691,-1.014091224964358,1,0,0,0,0,0,1,0,0,0,0,0,0,0,1,0,1,0,1
0.0472409951068265,0,2,0.4874042904210809,2.024461189317726,1,0,0,0,0,1,0,0,0,0,0,0,1,0,0,1,0,0,0
2.5257879616824694,0,1,0.393394622759964,-1.014091224964358,1,0,0,0,1,0,0,0,0,0,0,1,0,0,0,1,0,0,0
-0.6609152810576429,1,2,0.3163962282946683,0.36706896334568007,1,0,0,1,0,0,0,0,0,0,0,1,0,0,0,1,0,0,0
0.7553972712712959,0,2,-0.6268341039052046,-0.18539511197833522,1,0,0,0,0,1,0,0,0,0,0,1,0,0,0,1,0,0,1
-1.1035129536604362,0,2,-0.6756295980721652,-0.46162714964034285,1,0,0,1,0,0,0,0,0,0,0,1,0,0,0,0,1,0,0
-1.4575910917426709,1,2,-0.4356811129942668,-1.014091224964358,0,0,1,0,0,1,0,0,0,0,0,1,0,0,0,1,0,0,1
-0.9264738846193189,1,1,-0.7154717905571147,0.36706896334568007,1,0,0,0,0,0,1,0,0,0,0,1,0,0,0,0,1,0,1
1.020955874832972,0,2,-0.6984605173612936,-0.7378591873023504,1,0,0,0,1,0,0,0,0,0,0,1,0,0,0,1,0,0,0
-0.6609152810576429,1,2,-0.706070823791003,0.36706896334568007,1,0,0,1,0,0,0,0,0,0,0,0,1,0,0,1,0,0,0
-0.12979807393429085,1,2,-0.6536940089512379,-0.7378591873023504,1,0,0,1,0,0,0,0,0,0,0,1,0,0,0,1,0,0,0
-0.8379543500987603,0,2,0.6342384380060635,2.024461189317726,1,0,0,1,0,0,0,0,0,0,0,1,0,0,0,1,0,0,1
-0.7494348155782016,1,0,-0.9863091664379515,-0.18539511197833522,1,0,0,0,1,0,0,0,0,0,0,1,0,0,0,1,0,0,1
0.22428006414794385,0,1,-0.7365120495098408,-0.46162714964034285,1,0,0,0,0,0,0,0,0,1,0,1,0,0,0,0,1,0,0
0.4013191331890612,0,3,0.7474977042835043,-0.46162714964034285,1,0,0,0,1,0,0,0,0,0,0,0,0,0,1,1,0,0,1
-0.21831760845484952,0,2,-0.4934299088432386,0.36706896334568007,1,0,0,1,0,0,0,0,0,0,0,1,0,0,0,1,0,0,0
-0.3068371429754082,0,3,-0.4804476214043225,-0.18539511197833522,1,0,0,1,0,0,0,0,0,0,0,1,0,0,0,1,0,0,0
-0.7494348155782016,0,2,2.250309391609073,1.4719971139937107,0,0,1,0,0,0,0,1,0,0,0,1,0,0,0,1,0,0,1
-0.3068371429754082,0,2,0.729591100919482,0.9195330386696953,1,0,0,0,0,1,0,0,0,0,0,1,0,0,0,1,0,0,0
-0.8379543500987603,1,2,-0.7015941729499975,-0.7378591873023504,1,0,0,0,0,0,1,0,0,0,0,0,1,0,0,1,0,0,1
0.22428006414794385,0,2,-0.8981191448701418,0.36706896334568007,0,1,0,0,0,0,1,0,0,0,0,1,0,0,0,0,0,1,1
0.4013191331890612,0,1,-1.0158550619885882,-0.7378591873023504,0,0,1,0,1,0,0,0,0,0,0,1,0,0,0,1,0,0,1
1.2865144783946478,0,3,2.0246861892223924,2.576925264641741,0,1,0,0,1,0,0,0,0,0,0,1,0,0,0,1,0,0,0
0.1357605296273852,0,1,-0.46164568787209914,-0.7378591873023504,1,0,0,0,0,1,0,0,0,0,0,1,0,0,0,0,1,0,1
0.8439168057918546,0,2,-0.29108529082978707,0.36706896334568007,1,0,0,0,0,0,1,0,0,0,0,1,0,0,0,1,0,0,1
0.5783582022301785,0,3,2.297761890523732,1.4719971139937107,1,0,0,0,0,0,1,0,0,0,0,0,0,0,1,0,1,0,1
-0.04127853941373217,0,2,-0.2718356922134631,0.36706896334568007,1,0,0,0,0,0,1,0,0,0,0,1,0,0,0,1,0,0,0
-1.192032488180995,0,2,0.45651539961814247,-0.5537044955276788,0,1,0,0,0,0,1,0,0,0,0,1,0,0,0,1,0,0,0
0.48983866770961987,0,1,-0.9245313848320746,-0.7378591873023504,1,0,0,0,0,0,1,0,0,0,0,1,0,0,0,0,1,0,1
0.1357605296273852,0,2,3.2539745101625206,2.576925264641741,1,0,0,1,0,0,0,0,0,0,0,1,0,0,0,1,0,0,0
-0.6609152810576429,1,2,0.5675363404750805,0.9195330386696953,1,0,0,0,0,0,0,1,0,0,0,1,0,0,0,0,1,0,0
0.48983866770961987,0,2,1.5255396204502716,-0.18539511197833522,1,0,0,0,0,1,0,0,0,0,0,1,0,0,0,0,1,0,0
-1.1035129536604362,0,2,-0.741436365434947,-0.7378591873023504,0,0,1,1,0,0,0,0,0,0,0,1,0,0,0,0,0,1,0
-1.1035129536604362,0,2,-0.919159403822868,-0.7378591873023504,1,0,0,0,0,0,1,0,0,0,0,1,0,0,0,1,0,0,1
1.2865144783946478,0,2,-0.3188405260440216,0.09083692568367241,1,0,0,0,0,1,0,0,0,0,0,1,0,0,0,1,0,0,0
-0.04127853941373217,0,3,-0.8520096412077844,-1.2903232626263657,1,0,0,0,0,1,0,0,0,0,0,1,0,0,0,0,1,0,0
1.2865144783946478,1,1,-0.8533526364600862,-1.2903232626263657,1,0,0,0,1,0,0,0,0,0,0,1,0,0,0,0,0,1,0
-0.7494348155782016,0,3,1.5044993614975455,0.36706896334568007,1,0,0,0,0,0,0,0,0,0,1,1,0,0,0,1,0,0,0
-0.12979807393429085,0,2,0.24297915450217697,0.9195330386696953,1,0,0,0,0,1,0,0,0,0,0,0,0,1,0,0,1,0,0
-0.7494348155782016,1,2,0.2935653090055399,2.576925264641741,1,0,0,0,0,0,0,1,0,0,0,1,0,0,0,1,0,0,0
0.6668777367507372,0,2,0.8459840227856268,-0.7378591873023504,0,0,1,0,0,0,1,0,0,0,0,1,0,0,0,1,0,0,1
1.020955874832972,0,2,0.028547579218010367,0.9195330386696953,1,0,0,1,0,0,0,0,0,0,0,1,0,0,0,0,0,1,0
-0.7494348155782016,0,1,0.5308278035788349,0.36706896334568007,1,0,0,0,0,0,0,1,0,0,0,0,0,0,1,1,0,0,0
-0.39535667749596687,0,2,1.248434933392027,1.4719971139937107,1,0,0,0,0,0,0,1,0,0,0,0,0,0,1,1,0,0,0
-1.0149934191398775,0,2,-0.3909146045842112,-1.2903232626263657,1,0,0,0,0,0,1,0,0,0,0,0,1,0,0,1,0,0,0
0.48983866770961987,0,1,-0.16708206253393287,0.09083692568367241,1,0,0,0,0,0,0,1,0,0,0,0,1,0,0,1,0,0,1
-0.8379543500987603,1,3,0.7058648514621525,0.9195330386696953,0,0,1,1,0,0,0,0,0,0,0,1,0,0,0,1,0,0,0
-0.21831760845484952,0,2,0.9834172036044976,0.36706896334568007,1,0,0,0,0,1,0,0,0,0,0,1,0,0,0,1,0,0,0
2.5257879616824694,0,1,-0.25482441901764197,0.36706896334568007,0,0,1,1,0,0,0,0,0,0,0,1,0,0,0,1,0,0,0
-0.8379543500987603,1,2,-0.6716006123152601,-0.18539511197833522,1,0,0,1,0,0,0,0,0,0,0,1,0,0,0,1,0,0,0
1.817631685518,1,2,-0.6335490801667129,-1.2903232626263657,1,0,0,0,1,0,0,0,0,0,0,1,0,0,0,1,0,0,0
0.1357605296273852,0,2,-0.3018292528482004,-0.7378591873023504,0,1,0,1,0,0,0,0,0,0,0,1,0,0,0,1,0,0,0
-0.21831760845484952,0,2,-0.6604089852127463,-0.46162714964034285,1,0,0,1,0,0,0,0,0,0,0,1,0,0,0,1,0,0,0
1.020955874832972,0,2,0.9623769446517715,0.36706896334568007,0,1,0,1,0,0,0,0,0,0,0,1,0,0,0,1,0,0,0
-0.39535667749596687,0,1,3.0905767544658174,1.4719971139937107,1,0,0,0,0,0,0,1,0,0,0,0,0,0,1,0,1,0,0
-0.7494348155782016,0,2,-0.7190531112299192,-0.9220138790770223,1,0,0,1,0,0,0,0,0,0,0,1,0,0,0,0,0,1,0
-0.48387621201652553,0,2,-0.04084050881757591,1.4719971139937107,0,1,0,0,0,0,1,0,0,0,0,0,0,0,1,0,1,0,0
-0.04127853941373217,0,2,-0.08963600298453658,-1.014091224964358,1,0,0,1,0,0,0,0,0,0,0,0,0,0,1,1,0,0,0
-0.39535667749596687,0,2,0.31236724253776327,-0.7378591873023504,1,0,0,0,0,0,1,0,0,0,0,0,0,1,0,1,0,0,0
-0.9264738846193189,0,2,-0.8855845225153263,-0.46162714964034285,1,0,0,0,0,1,0,0,0,0,0,1,0,0,0,1,0,0,0
-0.9264738846193189,1,1,-0.14425114324480448,-0.46162714964034285,1,0,0,0,0,0,0,0,0,1,0,0,0,0,1,0,1,0,0
-0.5723957465370842,0,2,-0.025619895958156984,0.36706896334568007,1,0,0,1,0,0,0,0,0,0,0,0,0,0,1,0,1,0,0
0.7553972712712959,0,1,0.789130557104856,-1.2903232626263657,1,0,0,0,0,0,1,0,0,0,0,1,0,0,0,1,0,0,0
-0.6609152810576429,0,2,-0.2995909274276976,0.36706896334568007,1,0,0,1,0,0,0,0,0,0,0,1,0,0,0,1,0,0,0
1.2865144783946478,0,2,-0.7687439355650809,-1.2903232626263657,0,0,1,0,0,0,1,0,0,0,0,0,1,0,0,1,0,0,0
-0.5723957465370842,0,2,-0.828283391750455,-0.7378591873023504,1,0,0,1,0,0,0,0,0,0,0,1,0,0,0,0,1,0,0
0.22428006414794385,1,0,-0.9075201116362535,-0.7378591873023504,1,0,0,0,0,0,1,0,0,0,0,1,0,0,0,1,0,0,0
-1.0149934191398775,0,2,-0.5162608281323671,-0.18539511197833522,1,0,0,1,0,0,0,0,0,0,0,1,0,0,0,1,0,0,0
0.4013191331890612,0,3,-0.4692559943018086,-0.46162714964034285,0,0,1,0,1,0,0,0,0,0,0,1,0,0,0,0,0,1,0
-0.5723957465370842,1,1,-0.8193300900684438,-0.7378591873023504,0,0,1,0,0,1,0,0,0,0,0,0,1,0,0,1,0,0,1
0.9324363403124133,0,2,1.512109667927255,2.576925264641741,0,1,0,0,0,0,1,0,0,0,0,1,0,0,0,1,0,0,1
1.020955874832972,1,2,-0.7056231587069025,0.36706896334568007,0,1,0,1,0,0,0,0,0,0,0,0,0,0,1,0,0,1,0
0.48983866770961987,0,2,-0.20155227400967574,0.9195330386696953,1,0,0,0,0,0,0,1,0,0,0,0,0,0,1,0,1,0,0
-0.3068371429754082,1,2,-0.1903606469071618,0.6433010010076877,1,0,0,0,0,0,0,1,0,0,0,1,0,0,0,0,1,0,0
-0.04127853941373217,1,2,1.0613109282379944,-0.46162714964034285,0,1,0,0,0,0,1,0,0,0,0,0,1,0,0,1,0,0,0
-1.0149934191398775,0,2,1.6146249721862824,2.576925264641741,1,0,0,0,0,0,1,0,0,0,0,0,0,0,1,0,1,0,1
-0.9264738846193189,1,2,0.007059655181183648,-0.7378591873023504,0,0,1,0,0,1,0,0,0,0,0,1,0,0,0,0,1,0,1
-0.9264738846193189,1,2,-0.7821738880880976,-1.014091224964358,1,0,0,1,0,0,0,0,0,0,0,1,0,0,0,0,1,0,0
0.1357605296273852,0,1,-0.37390333138839005,-1.014091224964358,1,0,0,1,0,0,0,0,0,0,0,1,0,0,0,0,1,0,0
-0.3068371429754082,0,3,-1.040476641614119,-0.18539511197833522,1,0,0,1,0,0,0,0,0,0,0,0,1,0,0,1,0,0,0
-0.04127853941373217,1,2,-0.7857552087609021,-1.2903232626263657,0,1,0,0,1,0,0,0,0,0,0,1,0,0,0,1,0,0,1
0.9324363403124133,0,3,-0.21363923128039075,0.09083692568367241,1,0,0,0,0,0,1,0,0,0,0,1,0,0,0,1,0,0,0
-0.9264738846193189,0,1,-0.8126151138069355,-1.014091224964358,1,0,0,1,0,0,0,0,0,0,0,1,0,0,0,1,0,0,0
2.4372684271619107,0,2,2.0784059993144592,0.9195330386696953,1,0,0,0,0,0,1,0,0,0,0,1,0,0,0,1,0,0,0
0.4013191331890612,0,2,0.05540748426404376,0.9195330386696953,1,0,0,1,0,0,0,0,0,0,0,1,0,0,0,1,0,0,0
-0.3068371429754082,0,3,-0.6483220279420312,-0.18539511197833522,0,1,0,1,0,0,0,0,0,0,0,1,0,0,0,1,0,0,0
-0.39535667749596687,0,2,0.08719170523518328,0.36706896334568007,1,0,0,1,0,0,0,0,0,0,0,1,0,0,0,0,0,1,0
-0.39535667749596687,0,2,1.430186957536853,-0.0012404202036634658,1,0,0,0,0,0,1,0,0,0,0,0,0,0,1,0,1,0,0
-0.12979807393429085,0,3,-0.7235297620709248,-1.014091224964358,1,0,0,1,0,0,0,0,0,0,0,1,0,0,0,0,0,1,1
-1.0149934191398775,1,2,-1.1282189980978279,-1.2903232626263657,0,0,1,0,1,0,0,0,0,0,0,0,0,1,0,0,1,0,1
-1.0149934191398775,1,1,-0.7723252562378854,-0.7378591873023504,1,0,0,0,0,0,1,0,0,0,0,1,0,0,0,1,0,0,1
2.702827030723587,1,1,-0.9684025630739292,-1.014091224964358,1,0,0,1,0,0,0,0,0,0,0,0,1,0,0,0,1,0,0
-1.2805520227015537,1,2,-0.17155871337493844,0.6433010010076877,0,0,1,0,0,0,1,0,0,0,0,1,0,0,0,1,0,0,1
0.48983866770961987,1,1,-1.2101417084882298,-1.2903232626263657,1,0,0,0,0,0,1,0,0,0,0,0,0,1,0,1,0,0,0
1.020955874832972,0,1,-0.7329307288370365,-0.46162714964034285,1,0,0,1,0,0,0,0,0,0,0,0,1,0,0,1,0,0,0
-0.9264738846193189,1,2,-0.47955229123612136,-0.18539511197833522,0,0,1,1,0,0,0,0,0,0,0,1,0,0,0,1,0,0,1
2.083190289079676,1,2,1.5501612000758023,2.576925264641741,0,0,1,0,0,0,0,1,0,0,0,1,0,0,0,0,1,0,1
0.0472409951068265,0,2,-0.7512849972851593,0.36706896334568007,1,0,0,0,0,0,0,1,0,0,0,0,0,1,0,0,0,1,0
-0.21831760845484952,0,2,1.544341553982495,0.36706896334568007,1,0,0,1,0,0,0,0,0,0,0,1,0,0,0,0,1,0,0
-1.2805520227015537,0,1,-0.43254745740556294,0.36706896334568007,0,0,1,1,0,0,0,0,0,0,0,1,0,0,0,1,0,0,1
0.7553972712712959,1,1,-0.981832515596946,-1.106168570851694,1,0,0,1,0,0,0,0,0,0,0,1,0,0,0,0,1,0,0
-0.6609152810576429,1,2,-0.15678576559962007,0.36706896334568007,0,0,1,0,0,0,1,0,0,0,0,0,0,1,0,1,0,0,0
0.1357605296273852,1,2,0.1910500047465124,-1.4744779544010376,1,0,0,0,0,0,1,0,0,0,0,1,0,0,0,1,0,0,0
-0.5723957465370842,1,0,0.46412570604785197,1.4719971139937107,1,0,0,0,0,0,0,0,1,0,0,1,0,0,0,0,1,0,0
-1.1035129536604362,1,3,3.852950392689065,0.36706896334568007,0,0,1,0,0,0,1,0,0,0,0,1,0,0,0,0,1,0,1
-0.04127853941373217,0,1,0.6387150888470691,-0.18539511197833522,1,0,0,0,0,0,1,0,0,0,0,0,0,0,1,1,0,0,0
0.8439168057918546,0,3,1.7046056540904944,-1.2903232626263657,1,0,0,0,0,0,1,0,0,0,0,1,0,0,0,1,0,0,0
-0.8379543500987603,1,1,0.5939485804370134,0.9195330386696953,0,0,1,0,0,0,0,1,0,0,0,0,0,0,1,0,1,0,1
-0.3068371429754082,0,2,-0.2812366589795748,0.36706896334568007,1,0,0,0,0,0,1,0,0,0,0,0,0,0,1,1,0,0,0
-1.1035129536604362,0,1,-0.8529049713759856,-0.9220138790770223,1,0,0,1,0,0,0,0,0,0,0,1,0,0,0,0,1,0,0
0.48983866770961987,0,2,0.09256368624438996,0.09083692568367241,1,0,0,1,0,0,0,0,0,0,0,1,0,0,0,1,0,0,0
-1.192032488180995,0,2,-0.21050557569168687,0.36706896334568007,1,0,0,0,0,1,0,0,0,0,0,0,1,0,0,1,0,0,0
-0.6609152810576429,0,1,-0.5176038233846687,-0.6457818414150146,1,0,0,0,0,0,0,1,0,0,0,1,0,0,0,1,0,0,0
-1.1035129536604362,1,2,-0.19797095333687129,-0.46162714964034285,0,0,1,0,0,0,1,0,0,0,0,1,0,0,0,1,0,0,0
0.1357605296273852,1,1,-0.7517326623692598,-0.7378591873023504,1,0,0,0,0,0,1,0,0,0,0,1,0,0,0,1,0,0,1
-0.8379543500987603,0,2,1.027288381846352,0.09083692568367241,1,0,0,0,0,0,1,0,0,0,0,1,0,0,0,1,0,0,0
-0.21831760845484952,0,2,0.033919560227217045,-0.46162714964034285,1,0,0,0,0,0,1,0,0,0,0,1,0,0,0,1,0,0,0
1.1979949438740893,1,2,-1.1304573235183306,-1.2903232626263657,1,0,0,0,0,1,0,0,0,0,0,1,0,0,0,1,0,0,0
-1.1035129536604362,1,1,-0.8851368574312257,-0.18539511197833522,1,0,0,0,0,0,1,0,0,0,0,1,0,0,0,1,0,0,1
-1.1035129536604362,1,1,-0.9455716437848009,-0.7378591873023504,0,0,1,0,0,0,0,1,0,0,0,0,0,0,1,0,1,0,0
-0.9264738846193189,1,2,1.2614172208309433,0.9195330386696953,1,0,0,1,0,0,0,0,0,0,0,1,0,0,0,1,0,0,0
1.7291121509974412,0,2,-0.6259387737370034,-0.7378591873023504,0,1,0,0,0,0,0,0,0,1,0,0,0,1,0,1,0,0,1
-0.3068371429754082,1,2,-0.7468083464441537,0.36706896334568007,0,0,1,0,0,0,1,0,0,0,0,1,0,0,0,1,0,0,1
3.410983306888056,0,0,-0.7405410352667459,-1.2903232626263657,1,0,0,0,0,0,1,0,0,0,0,1,0,0,0,0,0,1,0
0.31279959866850254,0,2,-0.7530756576215615,-0.46162714964034285,0,1,0,1,0,0,0,0,0,0,0,1,0,0,0,0,0,1,1
-0.39535667749596687,0,2,-0.6984605173612936,0.36706896334568007,1,0,0,0,0,0,1,0,0,0,0,1,0,0,0,1,0,0,0
-0.04127853941373217,0,2,-1.0127214063998844,-0.7378591873023504,1,0,0,0,0,0,1,0,0,0,0,1,0,0,0,1,0,0,1
2.083190289079676,1,2,0.9364123697739392,-0.46162714964034285,1,0,0,0,0,0,1,0,0,0,0,1,0,0,0,1,0,0,0
-1.0149934191398775,1,2,-0.37121734088378666,-0.18539511197833522,0,0,1,0,0,1,0,0,0,0,0,1,0,0,0,1,0,0,1
-1.0149934191398775,0,1,-0.3309274833147366,-0.7378591873023504,1,0,0,1,0,0,0,0,0,0,0,1,0,0,0,1,0,0,0
-0.7494348155782016,0,2,-0.21945887737369799,0.36706896334568007,1,0,0,0,0,0,1,0,0,0,0,0,0,0,1,1,0,0,0
0.4013191331890612,0,1,-0.805004807377226,-0.7378591873023504,1,0,0,1,0,0,0,0,0,0,0,1,0,0,0,0,1,0,0
-0.39535667749596687,0,1,0.06928510187116102,0.9195330386696953,1,0,0,0,0,1,0,0,0,0,0,1,0,0,0,1,0,0,1
-0.39535667749596687,1,2,-0.0233815705376542,-0.9220138790770223,0,0,1,0,0,0,1,0,0,0,0,1,0,0,0,1,0,0,0
-0.6609152810576429,0,2,0.2971466296783443,-0.7378591873023504,0,0,1,0,0,1,0,0,0,0,0,1,0,0,0,0,1,0,0
2.4372684271619107,0,1,-0.5811722653269478,-0.7378591873023504,1,0,0,1,0,0,0,0,0,0,0,1,0,0,0,1,0,0,0
-0.8379543500987603,1,2,-0.06322376302260374,0.36706896334568007,0,0,1,0,0,0,1,0,0,0,0,1,0,0,0,1,0,0,0
-0.9264738846193189,1,3,2.28836092375762,1.4719971139937107,1,0,0,0,1,0,0,0,0,0,0,1,0,0,0,1,0,0,1
0.0472409951068265,0,3,0.14404517091595398,0.09083692568367241,1,0,0,0,0,0,1,0,0,0,0,1,0,0,0,1,0,0,0
1.4635535474357653,0,2,-0.32689849755783157,0.36706896334568007,1,0,0,1,0,0,0,0,0,0,0,0,0,0,1,1,0,0,0
2.702827030723587,0,0,-0.6595136550445452,-0.7378591873023504,0,1,0,0,0,0,1,0,0,0,0,0,1,0,0,0,0,1,0
-0.9264738846193189,1,2,-0.7083091492115058,0.36706896334568007,0,0,1,0,0,0,1,0,0,0,0,1,0,0,0,1,0,0,1
0.1357605296273852,0,2,0.2604380927820987,1.4719971139937107,1,0,0,0,0,0,1,0,0,0,0,1,0,0,0,1,0,0,0
-0.9264738846193189,1,2,0.2487988005954842,-0.18539511197833522,1,0,0,1,0,0,0,0,0,0,0,1,0,0,0,1,0,0,0
0.22428006414794385,0,3,1.23455731578491,1.4719971139937107,1,0,0,0,0,0,1,0,0,0,0,0,0,1,0,1,0,0,0
2.7913465652441456,1,2,0.4113012261239863,-0.18539511197833522,1,0,0,0,0,0,0,0,0,1,0,1,0,0,0,0,1,0,0
-0.9264738846193189,0,2,0.8862738803546768,1.7482291516557182,1,0,0,1,0,0,0,0,0,0,0,1,0,0,0,0,1,0,1
2.1717098236002346,0,2,-0.4535877163582891,0.36706896334568007,1,0,0,0,0,0,1,0,0,0,0,0,0,1,0,1,0,0,0
-0.39535667749596687,0,1,-0.6908502109315842,-0.7378591873023504,1,0,0,0,1,0,0,0,0,0,0,1,0,0,0,0,1,0,0
-1.1035129536604362,1,1,-0.9478099692053036,-0.7378591873023504,1,0,0,0,0,0,1,0,0,0,0,0,0,0,1,0,1,0,1
2.1717098236002346,0,3,1.5734397844490313,-0.0012404202036634658,1,0,0,0,0,0,1,0,0,0,0,1,0,0,0,0,1,0,0
-0.04127853941373217,0,1,-0.45314005127418855,-0.18539511197833522,1,0,0,0,0,0,0,1,0,0,0,0,0,1,0,0,1,0,0
0.4013191331890612,0,2,-0.12455387954437999,0.18291427157100829,1,0,0,1,0,0,0,0,0,0,0,0,1,0,0,1,0,0,0
0.22428006414794385,0,2,-0.09053133315273769,2.576925264641741,1,0,0,0,0,0,1,0,0,0,0,1,0,0,0,1,0,0,0
1.2865144783946478,0,2,1.4642095039284955,2.576925264641741,0,1,0,0,1,0,0,0,0,0,0,1,0,0,0,0,1,0,1
-0.7494348155782016,0,2,1.3630371949217697,1.840306497543054,1,0,0,0,1,0,0,0,0,0,0,1,0,0,0,1,0,0,1
0.31279959866850254,1,2,-0.7902318596019077,0.09083692568367241,1,0,0,0,0,0,0,1,0,0,0,1,0,0,0,0,1,0,1
0.48983866770961987,0,3,1.504051696413445,0.36706896334568007,1,0,0,0,0,0,1,0,0,0,0,1,0,0,0,1,0,0,0
-0.7494348155782016,0,2,-0.7754589118265893,-1.2903232626263657,1,0,0,0,0,1,0,0,0,0,0,1,0,0,0,1,0,0,0
1.3750340129152065,0,2,-0.02741055629455921,0.36706896334568007,0,1,0,0,0,1,0,0,0,0,0,1,0,0,0,0,0,1,0
-0.3068371429754082,0,2,0.04869250800253541,0.36706896334568007,0,0,1,0,0,1,0,0,0,0,0,0,1,0,0,1,0,0,0
-1.192032488180995,1,2,-0.29198062099798816,-1.014091224964358,0,0,1,0,0,1,0,0,0,0,0,0,0,0,1,1,0,0,0
1.3750340129152065,0,2,2.040354467165912,-0.18539511197833522,0,1,0,0,0,0,1,0,0,0,0,1,0,0,0,1,0,0,1
-1.192032488180995,1,1,-0.7588953037148687,-0.7378591873023504,0,0,1,0,0,1,0,0,0,0,0,1,0,0,0,1,0,0,0
1.6405926164768827,0,2,-1.0010821142132698,0.36706896334568007,1,0,0,0,0,0,1,0,0,0,0,1,0,0,0,1,0,0,0
-0.04127853941373217,0,0,-0.6286247642416067,-1.014091224964358,1,0,0,0,0,0,1,0,0,0,0,1,0,0,0,0,1,0,0
1.6405926164768827,0,2,-0.60713684020478,0.36706896334568007,0,1,0,0,1,0,0,0,0,0,0,1,0,0,0,1,0,0,0
1.1094754093535306,1,1,-0.5184991535528698,-0.18539511197833522,0,0,1,1,0,0,0,0,0,0,0,1,0,0,0,0,1,0,0
-1.0149934191398775,1,2,0.5903672597642089,-0.0012404202036634658,1,0,0,0,0,1,0,0,0,0,0,1,0,0,0,1,0,0,0
-0.04127853941373217,0,2,-0.8851368574312257,-0.7378591873023504,1,0,0,1,0,0,0,0,0,0,0,1,0,0,0,1,0,0,0
-1.0149934191398775,1,0,2.0228955288859902,-0.7378591873023504,0,0,1,0,0,0,1,0,0,0,0,1,0,0,0,0,1,0,0
-1.0149934191398775,0,2,2.8282450151828913,1.4719971139937107,1,0,0,0,0,0,1,0,0,0,0,1,0,0,0,1,0,0,1
-0.8379543500987603,0,1,-1.0579355798940406,-1.2903232626263657,1,0,0,1,0,0,0,0,0,0,0,1,0,0,0,0,1,0,0
2.614307496203028,0,2,-0.9057294512998513,-0.7378591873023504,1,0,0,1,0,0,0,0,0,0,0,1,0,0,0,1,0,0,0
1.7291121509974412,0,3,2.8336169961920983,2.024461189317726,0,1,0,0,0,0,1,0,0,0,0,1,0,0,0,0,1,0,0
-0.8379543500987603,1,0,-0.5261094599825793,-0.46162714964034285,0,0,1,0,0,0,1,0,0,0,0,1,0,0,0,0,1,0,1
-0.8379543500987603,0,2,-0.916025748234164,-1.106168570851694,1,0,0,0,0,0,0,1,0,0,0,1,0,0,0,0,1,0,0
-0.6609152810576429,0,1,-1.1053880788086996,-1.2903232626263657,1,0,0,1,0,0,0,0,0,0,0,1,0,0,0,0,1,0,0
-1.0149934191398775,0,2,2.9885091152908907,1.4719971139937107,1,0,0,0,0,0,1,0,0,0,0,1,0,0,0,1,0,0,1
1.6405926164768827,0,2,0.04376819207742929,2.576925264641741,1,0,0,0,0,0,0,0,1,0,0,1,0,0,0,1,0,0,1
0.9324363403124133,0,2,0.4377134660859191,2.576925264641741,0,1,0,0,0,0,1,0,0,0,0,1,0,0,0,1,0,0,1
1.6405926164768827,1,2,2.004988925521968,1.4719971139937107,0,0,1,0,0,0,1,0,0,0,0,1,0,0,0,0,1,0,0
2.348748892641352,0,2,-0.7230820969868241,-1.2903232626263657,1,0,0,0,0,0,0,0,1,0,0,0,1,0,0,1,0,0,0
-1.0149934191398775,1,2,-0.626386438821104,-1.2903232626263657,0,0,1,1,0,0,0,0,0,0,0,1,0,0,0,1,0,0,0
-0.8379543500987603,0,2,-0.7199484413981203,-0.18539511197833522,1,0,0,1,0,0,0,0,0,0,0,1,0,0,0,1,0,0,1
-0.7494348155782016,0,2,-0.829178721918656,-0.7378591873023504,1,0,0,0,0,0,1,0,0,0,0,1,0,0,0,1,0,0,0
-1.0149934191398775,0,2,0.02809991413390981,-0.7378591873023504,1,0,0,1,0,0,0,0,0,0,0,1,0,0,0,0,0,1,0
0.48983866770961987,0,2,-0.10799027143265941,1.4719971139937107,1,0,0,0,0,1,0,0,0,0,0,1,0,0,0,1,0,0,1
1.020955874832972,0,1,-0.994814803035862,-1.106168570851694,1,0,0,0,0,0,1,0,0,0,0,1,0,0,0,1,0,0,0
-0.04127853941373217,0,3,0.37011603838673507,-0.18539511197833522,1,0,0,0,0,1,0,0,0,0,0,1,0,0,0,1,0,0,0
-0.48387621201652553,0,2,-0.6048985147842773,0.09083692568367241,1,0,0,0,0,0,1,0,0,0,0,1,0,0,0,1,0,0,0
-0.21831760845484952,1,2,0.4533817440294386,-0.18539511197833522,0,0,1,0,0,0,1,0,0,0,0,1,0,0,0,1,0,0,1
0.0472409951068265,0,2,0.5424670957654494,-0.18539511197833522,1,0,0,0,0,0,0,1,0,0,0,1,0,0,0,1,0,0,1
1.020955874832972,0,2,2.4092304964647706,1.4719971139937107,0,1,0,0,0,0,1,0,0,0,0,1,0,0,0,1,0,0,1
0.22428006414794385,0,2,1.6687924473624498,2.576925264641741,0,1,0,0,0,0,0,1,0,0,0,1,0,0,0,0,1,0,0
0.7553972712712959,0,2,-0.258853404774547,0.36706896334568007,1,0,0,0,0,0,0,1,0,0,0,0,1,0,0,1,0,0,0
-1.1035129536604362,1,2,-0.777697237247092,-0.18539511197833522,0,0,1,0,0,0,1,0,0,0,0,1,0,0,0,1,0,0,1
0.5783582022301785,1,2,0.9538713080538609,0.36706896334568007,1,0,0,1,0,0,0,0,0,0,0,1,0,0,0,0,1,0,0
-0.9264738846193189,1,1,-0.2803413288113737,-0.46162714964034285,1,0,0,1,0,0,0,0,0,0,0,1,0,0,0,0,0,1,1
1.1094754093535306,0,2,-0.8376843585165666,-0.7378591873023504,1,0,0,0,0,0,1,0,0,0,0,1,0,0,0,1,0,0,1
-1.2805520227015537,1,2,-0.9254267150002757,-0.7378591873023504,1,0,0,1,0,0,0,0,0,0,0,1,0,0,0,1,0,0,0
-1.1035129536604362,1,1,-1.0530112639689344,-1.4744779544010376,0,0,1,0,0,1,0,0,0,0,0,1,0,0,0,1,0,0,0
2.4372684271619107,0,2,0.0016876741719769688,0.36706896334568007,1,0,0,0,0,0,1,0,0,0,0,1,0,0,0,1,0,0,0
0.9324363403124133,0,2,-0.15320444492681562,0.36706896334568007,1,0,0,1,0,0,0,0,0,0,0,1,0,0,0,1,0,0,0
-0.5723957465370842,0,2,0.9963994910434137,1.4719971139937107,1,0,0,0,0,1,0,0,0,0,0,1,0,0,0,1,0,0,1
-0.6609152810576429,0,1,0.017803617199597006,0.09083692568367241,1,0,0,0,0,0,1,0,0,0,0,1,0,0,0,1,0,0,0
-1.1035129536604362,1,2,-0.45224472110598746,-0.18539511197833522,1,0,0,0,0,0,0,0,0,1,0,1,0,0,0,1,0,0,1
1.2865144783946478,0,2,-0.6241481134006012,0.36706896334568007,1,0,0,0,0,0,0,1,0,0,0,1,0,0,0,1,0,0,0
1.020955874832972,0,2,0.2098519382787358,-0.18539511197833522,1,0,0,0,0,1,0,0,0,0,0,1,0,0,0,1,0,0,0
-0.04127853941373217,0,2,0.45785839487044416,0.09083692568367241,1,0,0,0,0,1,0,0,0,0,0,1,0,0,0,0,1,0,0
2.879866099764704,0,2,1.7046056540904944,-0.18539511197833522,0,0,1,0,0,0,1,0,0,0,0,1,0,0,0,1,0,0,1
-0.6609152810576429,0,2,-0.7629242894717737,0.36706896334568007,1,0,0,0,0,0,1,0,0,0,0,1,0,0,0,1,0,0,0
2.083190289079676,0,2,-0.7114428048002097,-1.014091224964358,1,0,0,1,0,0,0,0,0,0,0,1,0,0,0,1,0,0,0
1.9061512200385586,0,1,-1.0046634348860743,-0.7378591873023504,1,0,0,1,0,0,0,0,0,0,0,1,0,0,0,1,0,0,1
-0.21831760845484952,0,2,-0.3215265165486249,-0.0012404202036634658,0,0,1,0,0,0,1,0,0,0,0,1,0,0,0,1,0,0,1
0.6668777367507372,0,2,0.4874042904210809,0.36706896334568007,1,0,0,0,0,0,1,0,0,0,0,1,0,0,0,1,0,0,0
-0.04127853941373217,0,2,-0.6635426408014502,-0.46162714964034285,0,1,0,1,0,0,0,0,0,0,0,1,0,0,0,1,0,0,0
-0.3068371429754082,0,1,-0.6765249282403663,-0.18539511197833522,0,1,0,0,0,0,1,0,0,0,0,1,0,0,0,1,0,0,1
0.8439168057918546,0,2,3.546299810080184,1.4719971139937107,1,0,0,0,0,0,1,0,0,0,0,1,0,0,0,1,0,0,0
-0.21831760845484952,0,2,-0.6621996455491485,0.36706896334568007,1,0,0,0,0,0,1,0,0,0,0,0,0,0,1,1,0,0,0
0.4013191331890612,1,2,-0.9218453943274714,-0.9220138790770223,1,0,0,0,1,0,0,0,0,0,0,1,0,0,0,1,0,0,0
-0.6609152810576429,0,2,0.17448639663479182,-0.46162714964034285,0,1,0,0,0,1,0,0,0,0,0,1,0,0,0,1,0,0,0
-0.5723957465370842,1,2,0.4502480884407347,-0.46162714964034285,1,0,0,0,0,0,1,0,0,0,0,1,0,0,0,1,0,0,1
-0.8379543500987603,0,2,0.27924002631432204,-1.014091224964358,0,0,1,0,0,0,1,0,0,0,0,0,0,0,1,1,0,0,0
-0.7494348155782016,0,2,1.2761901686062616,0.36706896334568007,1,0,0,0,0,0,1,0,0,0,0,0,0,1,0,1,0,0,0
-0.6609152810576429,0,2,-0.35107241209926165,-0.18539511197833522,1,0,0,0,0,0,0,1,0,0,0,1,0,0,0,1,0,0,1
-0.04127853941373217,1,2,-0.23020283939211136,0.36706896334568007,1,0,0,1,0,0,0,0,0,0,0,1,0,0,0,1,0,0,1
-0.3068371429754082,0,1,0.7040741911257503,0.6433010010076877,1,0,0,0,0,1,0,0,0,0,0,0,0,1,0,1,0,0,0
-0.9264738846193189,0,1,-0.33271814365113883,-0.9220138790770223,0,0,1,0,0,1,0,0,0,0,0,1,0,0,0,1,0,0,1
-1.3690715572221124,1,2,-0.3277938277260327,-0.46162714964034285,0,0,1,0,0,1,0,0,0,0,0,0,1,0,0,1,0,0,0
-0.7494348155782016,1,2,-0.2525860935971392,-0.18539511197833522,1,0,0,1,0,0,0,0,0,0,0,1,0,0,0,1,0,0,0
0.5783582022301785,0,2,0.16911441562558513,-0.7378591873023504,1,0,0,0,0,1,0,0,0,0,0,1,0,0,0,1,0,0,0
0.1357605296273852,0,2,1.994692628587655,1.4719971139937107,1,0,0,0,0,0,0,1,0,0,0,1,0,0,0,1,0,0,0
-1.0149934191398775,1,2,-1.0301803446798061,-0.7378591873023504,0,0,1,0,0,1,0,0,0,0,0,1,0,0,0,1,0,0,0
0.4013191331890612,1,2,2.115114536210705,1.4719971139937107,1,0,0,0,0,1,0,0,0,0,0,0,1,0,0,1,0,0,0
0.9324363403124133,0,2,-0.7208437715663214,-1.2903232626263657,1,0,0,0,0,0,1,0,0,0,0,1,0,0,0,0,0,1,0
-0.8379543500987603,0,2,-0.7033848332863997,0.36706896334568007,1,0,0,0,0,0,0,1,0,0,0,0,0,0,1,1,0,0,0
-1.0149934191398775,1,2,-0.9307986960094824,-0.46162714964034285,1,0,0,0,0,0,0,0,1,0,0,1,0,0,0,1,0,0,0
-0.5723957465370842,0,1,0.2850596724076293,-0.7378591873023504,1,0,0,0,0,1,0,0,0,0,0,1,0,0,0,1,0,0,0
0.4013191331890612,1,2,-0.7302447383324331,-0.8299365331896864,1,0,0,0,0,0,1,0,0,0,0,0,0,1,0,0,1,0,0
0.0472409951068265,0,3,-0.4535877163582891,-0.18539511197833522,0,1,0,1,0,0,0,0,0,0,0,1,0,0,0,1,0,0,0
-0.6609152810576429,0,2,0.2872979978281321,1.4719971139937107,1,0,0,1,0,0,0,0,0,0,0,1,0,0,0,1,0,0,0
-0.7494348155782016,0,3,-0.6854782299223774,-1.014091224964358,0,1,0,0,0,0,1,0,0,0,0,1,0,0,0,1,0,0,1
0.0472409951068265,0,2,1.6961000174925838,0.9195330386696953,1,0,0,1,0,0,0,0,0,0,0,1,0,0,0,1,0,0,0
0.22428006414794385,0,3,2.1759969876483805,0.36706896334568007,1,0,0,0,0,0,1,0,0,0,0,1,0,0,0,1,0,0,0
1.1094754093535306,0,2,2.8309310056874946,0.36706896334568007,0,1,0,0,0,0,1,0,0,0,0,1,0,0,0,1,0,0,0
0.0472409951068265,0,2,-0.34570043109005494,0.9195330386696953,1,0,0,0,0,0,1,0,0,0,0,1,0,0,0,0,1,0,0
2.614307496203028,1,0,-0.8305217171709578,-0.18539511197833522,1,0,0,1,0,0,0,0,0,0,0,1,0,0,0,1,0,0,0
0.6668777367507372,0,2,0.49411926668258926,0.36706896334568007,1,0,0,0,0,1,0,0,0,0,0,1,0,0,0,0,1,0,1
1.552073081956324,1,2,-0.9661642376534264,-0.7378591873023504,1,0,0,0,1,0,0,0,0,0,0,1,0,0,0,1,0,0,1
-0.12979807393429085,0,2,-0.057404116929296506,0.36706896334568007,1,0,0,0,0,0,0,1,0,0,0,1,0,0,0,0,1,0,0
-0.12979807393429085,0,3,1.6387988867277126,1.4719971139937107,1,0,0,0,0,0,1,0,0,0,0,1,0,0,0,1,0,0,0
0.4013191331890612,0,2,2.180473638489386,0.7353783468950236,0,0,1,0,0,0,1,0,0,0,0,1,0,0,0,1,0,0,0
0.6668777367507372,0,3,-0.2288598441398097,0.6433010010076877,1,0,0,0,0,0,0,1,0,0,0,1,0,0,0,1,0,0,0
0.9324363403124133,0,2,-0.5032785406934509,-0.46162714964034285,1,0,0,1,0,0,0,0,0,0,0,1,0,0,0,1,0,0,0
0.22428006414794385,0,1,-0.3501770819310605,-0.7378591873023504,1,0,0,0,0,0,1,0,0,0,0,1,0,0,0,1,0,0,0
-0.12979807393429085,0,2,1.2743995082698594,1.4719971139937107,1,0,0,0,0,0,1,0,0,0,0,1,0,0,0,0,1,0,0
-0.5723957465370842,0,2,-0.7987374961998183,-0.18539511197833522,1,0,0,1,0,0,0,0,0,0,0,1,0,0,0,1,0,0,0
-0.39535667749596687,0,3,2.683201527934311,1.4719971139937107,1,0,0,0,0,0,1,0,0,0,0,1,0,0,0,1,0,0,0
-0.6609152810576429,1,3,-0.1554427703473184,0.09083692568367241,0,0,1,1,0,0,0,0,0,0,0,1,0,0,0,1,0,0,0
-0.04127853941373217,1,2,-0.6093751656252828,-0.7378591873023504,1,0,0,0,0,1,0,0,0,0,0,0,0,1,0,1,0,0,0
-0.21831760845484952,1,1,-0.34346210566955215,-0.46162714964034285,0,0,1,0,0,1,0,0,0,0,0,1,0,0,0,1,0,0,0
0.5783582022301785,0,2,0.5370951147562427,-0.18539511197833522,1,0,0,0,0,1,0,0,0,0,0,1,0,0,0,1,0,0,1
0.6668777367507372,0,2,-0.14693713374940784,-0.369549803753007,0,0,1,0,0,0,1,0,0,0,0,1,0,0,0,1,0,0,1
0.7553972712712959,0,2,0.23805483857707085,-0.0012404202036634658,1,0,0,0,0,0,1,0,0,0,0,1,0,0,0,1,0,0,0
0.5783582022301785,0,2,3.368129106608163,1.4719971139937107,0,1,0,0,0,0,1,0,0,0,0,1,0,0,0,1,0,0,0
0.4013191331890612,0,2,-0.7015941729499975,-0.46162714964034285,0,0,1,1,0,0,0,0,0,0,0,1,0,0,0,1,0,0,0
0.0472409951068265,0,3,-0.7499420020328575,0.36706896334568007,1,0,0,1,0,0,0,0,0,0,0,1,0,0,0,1,0,0,0
-1.3690715572221124,0,3,-0.8264927314140528,-0.7378591873023504,0,0,1,1,0,0,0,0,0,0,0,1,0,0,0,1,0,0,0
-1.0149934191398775,0,1,0.3625057319570256,0.09083692568367241,1,0,0,0,0,0,1,0,0,0,0,1,0,0,0,1,0,0,0
-0.7494348155782016,0,2,0.33922714758379663,1.4719971139937107,1,0,0,0,1,0,0,0,0,0,0,1,0,0,0,0,1,0,0
0.9324363403124133,1,1,0.28685033274403154,-0.46162714964034285,1,0,0,0,0,0,1,0,0,0,0,1,0,0,0,1,0,0,0
-0.21831760845484952,1,1,0.10823196418790944,-1.014091224964358,1,0,0,0,0,0,1,0,0,0,0,1,0,0,0,0,1,0,0
-0.12979807393429085,1,2,0.6718423050705102,1.4719971139937107,1,0,0,1,0,0,0,0,0,0,0,1,0,0,0,1,0,0,0
-0.9264738846193189,1,1,0.7980838587868672,0.36706896334568007,1,0,0,0,0,1,0,0,0,0,0,1,0,0,0,0,1,0,1
-0.9264738846193189,1,2,0.016908287031395894,0.9195330386696953,1,0,0,1,0,0,0,0,0,0,0,1,0,0,0,0,1,0,0
-0.6609152810576429,0,2,-0.36315936936997667,-0.8299365331896864,1,0,0,0,0,0,0,1,0,0,0,0,0,1,0,1,0,0,0
-0.39535667749596687,0,2,0.09301135132849052,0.36706896334568007,0,0,1,0,0,0,0,1,0,0,0,1,0,0,0,1,0,0,1
-0.3068371429754082,0,2,-0.0471078199949837,-0.9220138790770223,1,0,0,0,0,0,1,0,0,0,0,0,0,0,1,1,0,0,0
-0.21831760845484952,0,2,-0.2660160461201559,0.36706896334568007,1,0,0,0,0,1,0,0,0,0,0,0,0,0,1,1,0,0,1
0.31279959866850254,0,3,0.17538172680299294,0.36706896334568007,0,0,1,0,0,1,0,0,0,0,0,1,0,0,0,1,0,0,1
-0.6609152810576429,1,2,-0.5086505217026576,-0.18539511197833522,1,0,0,0,0,1,0,0,0,0,0,1,0,0,0,1,0,0,0
-1.192032488180995,1,2,-0.7105474746320086,-1.014091224964358,0,0,1,1,0,0,0,0,0,0,0,1,0,0,0,1,0,0,1
-0.48387621201652553,0,2,-0.4258324811440546,-0.7378591873023504,0,0,1,0,0,0,1,0,0,0,0,1,0,0,0,0,1,0,0
1.7291121509974412,0,2,1.754296478425656,0.36706896334568007,1,0,0,0,0,1,0,0,0,0,0,1,0,0,0,1,0,0,1
0.9324363403124133,0,2,-1.010035415895281,-0.7378591873023504,1,0,0,0,0,0,1,0,0,0,0,1,0,0,0,1,0,0,1
-1.2805520227015537,1,2,-0.8524573062918851,-0.18539511197833522,0,0,1,0,0,1,0,0,0,0,0,1,0,0,0,1,0,0,0
0.31279959866850254,0,2,3.2875493914700624,2.576925264641741,0,1,0,0,0,0,1,0,0,0,0,1,0,0,0,1,0,0,1
1.9946707545591174,0,2,-0.4862672674976297,0.9195330386696953,1,0,0,1,0,0,0,0,0,0,0,1,0,0,0,1,0,0,0
0.6668777367507372,0,1,-0.7203961064822209,-0.7378591873023504,1,0,0,0,0,0,1,0,0,0,0,1,0,0,0,1,0,0,0
-1.0149934191398775,0,1,-0.5399870775896966,0.36706896334568007,1,0,0,0,0,1,0,0,0,0,0,1,0,0,0,1,0,0,0
-1.192032488180995,1,2,-0.5744572890654394,-1.014091224964358,1,0,0,1,0,0,0,0,0,0,0,1,0,0,0,0,1,0,1
-0.48387621201652553,0,2,-0.7741159165742877,-1.014091224964358,1,0,0,0,0,0,1,0,0,0,0,1,0,0,0,1,0,0,0
0.5783582022301785,0,2,-1.0883768056128784,-0.7378591873023504,1,0,0,1,0,0,0,0,0,0,0,0,1,0,0,1,0,0,0
-1.1035129536604362,1,2,-0.6514556835307351,-0.7378591873023504,1,0,0,1,0,0,0,0,0,0,0,1,0,0,0,1,0,0,0
-0.48387621201652553,0,3,-0.4629886831244008,0.9195330386696953,1,0,0,1,0,0,0,0,0,0,0,0,0,0,1,0,1,0,1
-0.6609152810576429,1,1,-0.9885474918584543,-1.014091224964358,1,0,0,1,0,0,0,0,0,0,0,1,0,0,0,0,0,1,1
-0.48387621201652553,0,3,-0.3985249110139206,-1.2903232626263657,0,0,1,1,0,0,0,0,0,0,0,1,0,0,0,0,1,0,0
0.9324363403124133,0,3,1.7408665259026395,0.36706896334568007,1,0,0,0,0,0,1,0,0,0,0,1,0,0,0,1,0,0,0
0.8439168057918546,0,3,0.25685677210929425,-0.7378591873023504,1,0,0,0,0,0,1,0,0,0,0,1,0,0,0,1,0,0,0
-0.39535667749596687,0,1,-0.6299677594939084,-0.9220138790770223,1,0,0,0,0,0,1,0,0,0,0,1,0,0,0,1,0,0,0
-0.39535667749596687,0,2,-0.9061771163839518,0.36706896334568007,1,0,0,0,0,1,0,0,0,0,0,1,0,0,0,1,0,0,0
0.5783582022301785,0,1,-0.670705282147059,-1.4744779544010376,1,0,0,0,0,0,1,0,0,0,0,1,0,0,0,1,0,0,0
0.9324363403124133,1,2,-0.496115899347842,-0.46162714964034285,0,0,1,0,0,1,0,0,0,0,0,1,0,0,0,1,0,0,0
-0.48387621201652553,1,2,2.419526793399083,2.576925264641741,1,0,0,0,0,0,1,0,0,0,0,0,1,0,0,0,1,0,0
-0.48387621201652553,0,2,0.17717238713939515,0.36706896334568007,0,1,0,0,0,1,0,0,0,0,0,0,1,0,0,1,0,0,1
0.22428006414794385,0,3,-0.04218350406987758,-0.7378591873023504,1,0,0,0,0,0,1,0,0,0,0,1,0,0,0,1,0,0,0
0.6668777367507372,0,1,-0.6357874055872157,-0.18539511197833522,1,0,0,0,0,1,0,0,0,0,0,1,0,0,0,1,0,0,1
-0.39535667749596687,0,2,0.29893729001474656,0.36706896334568007,1,0,0,1,0,0,0,0,0,0,0,0,0,0,1,1,0,0,1
0.4013191331890612,0,0,0.2850596724076293,-0.18539511197833522,1,0,0,0,0,0,0,1,0,0,0,1,0,0,0,0,1,0,0
-1.0149934191398775,0,2,-0.361816374117675,1.4719971139937107,1,0,0,0,0,0,0,1,0,0,0,1,0,0,0,1,0,0,1
-0.6609152810576429,1,2,0.5191885113922204,0.36706896334568007,0,0,1,0,0,0,1,0,0,0,0,0,1,0,0,0,1,0,1
-0.8379543500987603,1,3,3.5906186534061395,1.4719971139937107,1,0,0,0,0,1,0,0,0,0,0,1,0,0,0,1,0,0,1
-0.5723957465370842,1,2,-0.47462797531101525,-0.7378591873023504,1,0,0,0,0,0,1,0,0,0,0,1,0,0,0,1,0,0,0
1.9061512200385586,1,3,-0.7709822609855838,0.36706896334568007,0,0,1,1,0,0,0,0,0,0,0,0,0,1,0,1,0,0,0
1.1979949438740893,0,1,0.31460556795826605,0.9195330386696953,1,0,0,1,0,0,0,0,0,0,0,1,0,0,0,0,0,1,0
0.1357605296273852,0,1,-0.8054524724613266,-1.014091224964358,1,0,0,1,0,0,0,0,0,0,0,1,0,0,0,0,1,0,0
0.8439168057918546,0,1,0.47128834739346087,0.7353783468950236,1,0,0,0,0,0,1,0,0,0,0,1,0,0,0,1,0,0,1
-0.48387621201652553,0,2,0.05182616359123931,0.36706896334568007,0,1,0,0,0,1,0,0,0,0,0,0,0,0,1,0,1,0,0
-0.48387621201652553,0,2,-0.5431207331784004,-1.2903232626263657,0,0,1,1,0,0,0,0,0,0,0,1,0,0,0,1,0,0,0
1.020955874832972,0,2,-0.2687020366247592,0.09083692568367241,1,0,0,0,0,0,1,0,0,0,0,1,0,0,0,0,1,0,0
-0.5723957465370842,0,2,0.26983905954821036,-0.46162714964034285,1,0,0,0,0,0,1,0,0,0,0,1,0,0,0,1,0,0,0
-0.04127853941373217,0,2,-0.24900477292433473,0.36706896334568007,1,0,0,1,0,0,0,0,0,0,0,0,1,0,0,1,0,0,1
-1.192032488180995,0,1,-1.1188180313317162,-1.2903232626263657,1,0,0,0,0,0,0,0,0,1,0,1,0,0,0,0,1,0,0
-0.8379543500987603,1,2,-0.5543123602809144,0.9195330386696953,1,0,0,1,0,0,0,0,0,0,0,1,0,0,0,0,1,0,0
-1.1035129536604362,0,1,-0.19394196757996626,0.6433010010076877,1,0,0,1,0,0,0,0,0,0,0,0,1,0,0,0,1,0,1
1.6405926164768827,1,3,0.2752110405574171,-0.46162714964034285,0,0,1,1,0,0,0,0,0,0,0,1,0,0,0,1,0,0,0
-0.5723957465370842,0,2,1.8859100131512196,2.024461189317726,0,0,1,1,0,0,0,0,0,0,0,1,0,0,0,1,0,0,0
0.4013191331890612,0,1,0.4412947867587236,-0.8299365331896864,1,0,0,0,0,0,1,0,0,0,0,1,0,0,0,1,0,0,0
-1.192032488180995,0,2,-0.6442930421851262,-0.46162714964034285,1,0,0,0,0,0,0,0,0,1,0,0,0,0,1,0,1,0,0
0.6668777367507372,0,1,1.987529987242046,0.36706896334568007,1,0,0,0,0,0,1,0,0,0,0,1,0,0,0,1,0,0,0
-0.5723957465370842,1,0,-0.7879935341814049,0.36706896334568007,0,0,1,0,0,0,1,0,0,0,0,1,0,0,0,1,0,0,1
-0.21831760845484952,1,2,-0.05471812642469316,0.9195330386696953,1,0,0,1,0,0,0,0,0,0,0,1,0,0,0,1,0,0,0
1.9061512200385586,1,1,-0.7588953037148687,0.36706896334568007,1,0,0,1,0,0,0,0,0,0,0,0,1,0,0,0,0,1,0
2.5257879616824694,1,2,-0.9849661711856498,-1.2903232626263657,1,0,0,1,0,0,0,0,0,0,0,1,0,0,0,0,1,0,0
0.5783582022301785,0,2,-0.23557482040131802,-0.18539511197833522,1,0,0,0,0,0,0,1,0,0,0,1,0,0,0,0,1,0,0
1.020955874832972,0,1,-0.18588399606615624,0.36706896334568007,1,0,0,0,0,0,1,0,0,0,0,1,0,0,0,1,0,0,1
-0.9264738846193189,0,2,-0.7562093132102654,-0.46162714964034285,0,0,1,0,0,0,1,0,0,0,0,0,0,0,1,0,1,0,1
1.1979949438740893,0,2,2.432061415753899,0.9195330386696953,1,0,0,0,0,1,0,0,0,0,0,1,0,0,0,0,1,0,1
-0.21831760845484952,0,3,0.8464316878697273,2.576925264641741,0,0,1,0,0,0,0,1,0,0,0,1,0,0,0,1,0,0,1
-0.6609152810576429,1,3,-0.013532938687441955,0.09083692568367241,1,0,0,0,0,0,1,0,0,0,0,0,0,0,1,0,0,1,0
-0.8379543500987603,0,2,2.3617779975501114,1.4719971139937107,1,0,0,0,0,0,1,0,0,0,0,1,0,0,0,1,0,0,1
-0.48387621201652553,0,1,-0.4141931889574401,0.36706896334568007,1,0,0,0,0,1,0,0,0,0,0,1,0,0,0,1,0,0,0
-0.9264738846193189,1,2,-0.6805539139972713,-0.46162714964034285,0,0,1,0,0,1,0,0,0,0,0,1,0,0,0,1,0,0,0
-0.21831760845484952,0,2,1.4933077343950316,2.024461189317726,1,0,0,0,0,0,0,1,0,0,0,1,0,0,0,0,0,1,0
2.5257879616824694,1,2,-0.6912978760156847,-0.6457818414150146,1,0,0,1,0,0,0,0,0,0,0,0,0,0,1,1,0,0,0
-0.5723957465370842,0,3,1.623130608784193,0.36706896334568007,0,1,0,0,0,0,1,0,0,0,0,1,0,0,0,1,0,0,0
1.1094754093535306,0,1,-0.5417777379260987,0.36706896334568007,1,0,0,1,0,0,0,0,0,0,0,1,0,0,0,0,1,0,0
0.1357605296273852,0,1,0.2738680453051154,-0.7378591873023504,1,0,0,0,1,0,0,0,0,0,0,1,0,0,0,1,0,0,0
-0.12979807393429085,0,1,-0.6196714625595956,-0.46162714964034285,1,0,0,1,0,0,0,0,0,0,0,0,0,0,1,1,0,0,0
-1.1035129536604362,0,1,-0.45537837669469133,-0.18539511197833522,0,0,1,1,0,0,0,0,0,0,0,1,0,0,0,1,0,0,0
-0.48387621201652553,0,3,0.4502480884407347,1.4719971139937107,1,0,0,0,0,1,0,0,0,0,0,1,0,0,0,1,0,0,0
1.2865144783946478,0,2,-0.25213842851303864,-0.7378591873023504,1,0,0,0,0,0,1,0,0,0,0,1,0,0,0,1,0,0,0
-0.39535667749596687,1,1,-0.5449113935148027,-0.7378591873023504,1,0,0,0,0,1,0,0,0,0,0,1,0,0,0,1,0,0,0
0.4013191331890612,0,3,0.40458624986247793,0.9195330386696953,1,0,0,0,0,0,1,0,0,0,0,1,0,0,0,1,0,0,0
0.22428006414794385,0,2,-0.9621352518965214,-0.7378591873023504,1,0,0,1,0,0,0,0,0,0,0,1,0,0,0,1,0,0,0
-1.1035129536604362,0,2,-0.496115899347842,2.3006932269797336,0,1,0,1,0,0,0,0,0,0,0,1,0,0,0,1,0,0,1
-0.7494348155782016,0,2,0.7264574453307782,2.3006932269797336,1,0,0,0,0,0,1,0,0,0,0,0,0,0,1,0,1,0,0
